fund,vintage,fund_size,date,type,amount,currency
Lanternfish Ventures I,2014,150000000,2014-03-31,Contribution,-5018074,USD
Lanternfish Ventures I,2014,150000000,2014-06-30,Contribution,-937500,USD
Lanternfish Ventures I,2014,150000000,2014-09-30,Contribution,-3868888,USD
Lanternfish Ventures I,2014,150000000,2014-12-31,Contribution,-1653260,USD
Lanternfish Ventures I,2014,150000000,2015-03-31,Contribution,-13889899,USD
Lanternfish Ventures I,2014,150000000,2015-06-30,Contribution,-10233433,USD
Lanternfish Ventures I,2014,150000000,2015-09-30,Contribution,-1773719,USD
Lanternfish Ventures I,2014,150000000,2015-12-31,Contribution,-8967895,USD
Lanternfish Ventures I,2014,150000000,2016-03-31,Contribution,-8267847,USD
Lanternfish Ventures I,2014,150000000,2016-06-30,Contribution,-11758191,USD
Lanternfish Ventures I,2014,150000000,2016-09-30,Contribution,-12890608,USD
Lanternfish Ventures I,2014,150000000,2016-12-31,Contribution,-2425905,USD
Lanternfish Ventures I,2014,150000000,2017-03-31,Contribution,-5055120,USD
Lanternfish Ventures I,2014,150000000,2017-03-31,Distribution,218743,USD
Lanternfish Ventures I,2014,150000000,2017-06-30,Contribution,-5797992,USD
Lanternfish Ventures I,2014,150000000,2017-06-30,Distribution,327033,USD
Lanternfish Ventures I,2014,150000000,2017-09-30,Contribution,-3346473,USD
Lanternfish Ventures I,2014,150000000,2017-12-31,Contribution,-937500,USD
Lanternfish Ventures I,2014,150000000,2018-03-31,Contribution,-4472839,USD
Lanternfish Ventures I,2014,150000000,2018-06-30,Contribution,-5157695,USD
Lanternfish Ventures I,2014,150000000,2018-06-30,Distribution,656596,USD
Lanternfish Ventures I,2014,150000000,2018-09-30,Contribution,-937500,USD
Lanternfish Ventures I,2014,150000000,2018-12-31,Contribution,-2121512,USD
Lanternfish Ventures I,2014,150000000,2019-03-31,Contribution,-937500,USD
Lanternfish Ventures I,2014,150000000,2019-06-30,Contribution,-3370890,USD
Lanternfish Ventures I,2014,150000000,2019-09-30,Contribution,-9867358,USD
Lanternfish Ventures I,2014,150000000,2019-09-30,Distribution,314004,USD
Lanternfish Ventures I,2014,150000000,2019-12-31,Contribution,-509609,USD
Lanternfish Ventures I,2014,150000000,2020-03-31,Contribution,-492091,USD
Lanternfish Ventures I,2014,150000000,2020-06-30,Contribution,-474573,USD
Lanternfish Ventures I,2014,150000000,2020-09-30,Contribution,-2226301,USD
Lanternfish Ventures I,2014,150000000,2020-12-31,Contribution,-2603243,USD
Lanternfish Ventures I,2014,150000000,2021-03-31,Contribution,-10492314,USD
Lanternfish Ventures I,2014,150000000,2021-06-30,Contribution,-404309,USD
Lanternfish Ventures I,2014,150000000,2021-06-30,Distribution,25505323,USD
Lanternfish Ventures I,2014,150000000,2021-09-30,Contribution,-386598,USD
Lanternfish Ventures I,2014,150000000,2021-09-30,Distribution,113846806,USD
Lanternfish Ventures I,2014,150000000,2021-12-31,Contribution,-368888,USD
Lanternfish Ventures I,2014,150000000,2022-03-31,Contribution,-6419798,USD
Lanternfish Ventures I,2014,150000000,2022-03-31,Distribution,1341093,USD
Lanternfish Ventures I,2014,150000000,2022-06-30,Contribution,-334045,USD
Lanternfish Ventures I,2014,150000000,2022-06-30,Distribution,19053056,USD
Lanternfish Ventures I,2014,150000000,2022-09-30,Contribution,-316334,USD
Lanternfish Ventures I,2014,150000000,2022-12-31,Contribution,-298624,USD
Lanternfish Ventures I,2014,150000000,2023-03-31,Contribution,-281298,USD
Lanternfish Ventures I,2014,150000000,2023-03-31,Distribution,10356419,USD
Lanternfish Ventures I,2014,150000000,2023-06-30,Contribution,-263780,USD
Lanternfish Ventures I,2014,150000000,2023-09-30,Contribution,-246070,USD
Lanternfish Ventures I,2014,150000000,2023-12-31,Contribution,-228359,USD
Lanternfish Ventures I,2014,150000000,2024-03-31,Contribution,-210841,USD
Lanternfish Ventures I,2014,150000000,2024-06-30,Contribution,-193323,USD
Lanternfish Ventures I,2014,150000000,2024-09-30,Contribution,-175613,USD
Lanternfish Ventures I,2014,150000000,2024-12-31,Contribution,-168750,USD
Lanternfish Ventures I,2014,150000000,2025-03-31,Contribution,-168750,USD
Lanternfish Ventures I,2014,150000000,2025-06-30,Contribution,-168750,USD
Lanternfish Ventures I,2014,150000000,2025-09-30,Contribution,-168750,USD
Lanternfish Ventures I,2014,150000000,2025-12-31,Contribution,-168750,USD
Lanternfish Ventures I,2014,150000000,2025-12-31,NAV,249227376,USD
Lanternfish Ventures II,2017,225000000,2017-03-31,Contribution,-1406250,USD
Lanternfish Ventures II,2017,225000000,2017-06-30,Contribution,-6242029,USD
Lanternfish Ventures II,2017,225000000,2017-09-30,Contribution,-6172725,USD
Lanternfish Ventures II,2017,225000000,2017-12-31,Contribution,-1406250,USD
Lanternfish Ventures II,2017,225000000,2018-03-31,Contribution,-11027243,USD
Lanternfish Ventures II,2017,225000000,2018-06-30,Contribution,-13698688,USD
Lanternfish Ventures II,2017,225000000,2018-09-30,Contribution,-9057300,USD
Lanternfish Ventures II,2017,225000000,2018-12-31,Contribution,-8073050,USD
Lanternfish Ventures II,2017,225000000,2019-03-31,Contribution,-9093183,USD
Lanternfish Ventures II,2017,225000000,2019-06-30,Contribution,-12285328,USD
Lanternfish Ventures II,2017,225000000,2019-09-30,Contribution,-3955339,USD
Lanternfish Ventures II,2017,225000000,2019-12-31,Contribution,-13594342,USD
Lanternfish Ventures II,2017,225000000,2020-03-31,Contribution,-16317100,USD
Lanternfish Ventures II,2017,225000000,2020-06-30,Contribution,-10742071,USD
Lanternfish Ventures II,2017,225000000,2020-09-30,Contribution,-4603491,USD
Lanternfish Ventures II,2017,225000000,2020-09-30,Distribution,12274941,USD
Lanternfish Ventures II,2017,225000000,2020-12-31,Contribution,-2254828,USD
Lanternfish Ventures II,2017,225000000,2021-03-31,Contribution,-10354127,USD
Lanternfish Ventures II,2017,225000000,2021-03-31,Distribution,10865623,USD
Lanternfish Ventures II,2017,225000000,2021-06-30,Contribution,-1406250,USD
Lanternfish Ventures II,2017,225000000,2021-09-30,Contribution,-1406250,USD
Lanternfish Ventures II,2017,225000000,2021-09-30,Distribution,3800846,USD
Lanternfish Ventures II,2017,225000000,2021-12-31,Contribution,-3235212,USD
Lanternfish Ventures II,2017,225000000,2022-03-31,Contribution,-4768242,USD
Lanternfish Ventures II,2017,225000000,2022-03-31,Distribution,2325032,USD
Lanternfish Ventures II,2017,225000000,2022-06-30,Contribution,-4245250,USD
Lanternfish Ventures II,2017,225000000,2022-09-30,Contribution,-3847755,USD
Lanternfish Ventures II,2017,225000000,2022-12-31,Contribution,-3070424,USD
Lanternfish Ventures II,2017,225000000,2022-12-31,Distribution,6423766,USD
Lanternfish Ventures II,2017,225000000,2023-03-31,Contribution,-738426,USD
Lanternfish Ventures II,2017,225000000,2023-06-30,Contribution,-28762146,USD
Lanternfish Ventures II,2017,225000000,2023-06-30,Distribution,6207011,USD
Lanternfish Ventures II,2017,225000000,2023-09-30,Contribution,-12836718,USD
Lanternfish Ventures II,2017,225000000,2023-09-30,Distribution,35753570,USD
Lanternfish Ventures II,2017,225000000,2023-12-31,Contribution,-659017,USD
Lanternfish Ventures II,2017,225000000,2023-12-31,Distribution,71212261,USD
Lanternfish Ventures II,2017,225000000,2024-03-31,Contribution,-632740,USD
Lanternfish Ventures II,2017,225000000,2024-06-30,Contribution,-13422400,USD
Lanternfish Ventures II,2017,225000000,2024-06-30,Distribution,17480056,USD
Lanternfish Ventures II,2017,225000000,2024-09-30,Contribution,-1704288,USD
Lanternfish Ventures II,2017,225000000,2024-09-30,Distribution,1101956,USD
Lanternfish Ventures II,2017,225000000,2024-12-31,Contribution,-553332,USD
Lanternfish Ventures II,2017,225000000,2025-03-31,Contribution,-527344,USD
Lanternfish Ventures II,2017,225000000,2025-06-30,Contribution,-501067,USD
Lanternfish Ventures II,2017,225000000,2025-06-30,Distribution,164115647,USD
Lanternfish Ventures II,2017,225000000,2025-09-30,Contribution,-474501,USD
Lanternfish Ventures II,2017,225000000,2025-12-31,Contribution,-447935,USD
Lanternfish Ventures II,2017,225000000,2025-12-31,NAV,129100625,USD
Lanternfish Ventures III,2021,300000000,2021-03-31,Contribution,-1875000,USD
Lanternfish Ventures III,2021,300000000,2021-06-30,Contribution,-12080681,USD
Lanternfish Ventures III,2021,300000000,2021-09-30,Contribution,-14660232,USD
Lanternfish Ventures III,2021,300000000,2021-12-31,Contribution,-5612296,USD
Lanternfish Ventures III,2021,300000000,2022-03-31,Contribution,-30009244,USD
Lanternfish Ventures III,2021,300000000,2022-06-30,Contribution,-14148407,USD
Lanternfish Ventures III,2021,300000000,2022-09-30,Contribution,-1875000,USD
Lanternfish Ventures III,2021,300000000,2022-12-31,Contribution,-32623785,USD
Lanternfish Ventures III,2021,300000000,2023-03-31,Contribution,-35901248,USD
Lanternfish Ventures III,2021,300000000,2023-06-30,Contribution,-1875000,USD
Lanternfish Ventures III,2021,300000000,2023-09-30,Contribution,-24747883,USD
Lanternfish Ventures III,2021,300000000,2023-09-30,Distribution,543298,USD
Lanternfish Ventures III,2021,300000000,2023-12-31,Contribution,-13564617,USD
Lanternfish Ventures III,2021,300000000,2024-03-31,Contribution,-13083856,USD
Lanternfish Ventures III,2021,300000000,2024-06-30,Contribution,-15736860,USD
Lanternfish Ventures III,2021,300000000,2024-09-30,Contribution,-2551376,USD
Lanternfish Ventures III,2021,300000000,2024-12-31,Contribution,-7997754,USD
Lanternfish Ventures III,2021,300000000,2025-03-31,Contribution,-3035072,USD
Lanternfish Ventures III,2021,300000000,2025-06-30,Contribution,-27883302,USD
Lanternfish Ventures III,2021,300000000,2025-09-30,Contribution,-6686290,USD
Lanternfish Ventures III,2021,300000000,2025-09-30,Distribution,5411489,USD
Lanternfish Ventures III,2021,300000000,2025-12-31,Contribution,-17552096,USD
Lanternfish Ventures III,2021,300000000,2025-12-31,NAV,290851576,USD
