company,date,round,post_money,amount_raised,fund_invested,ownership,cash_on_hand,monthly_burn
Aurora Systems,2025-06-30,Seed,13928595,3027475,2421980,0.1739,,
Aurora Systems,2025-09-30,,,,,0.1739,2519495,169326
Aurora Systems,2025-12-31,,,,,0.1739,1996277,174406
Beacon HQ,2018-12-31,Series B,136358120,27398320,6666800,0.0489,,
Beacon HQ,2019-03-31,,,,,0.0489,25954834,481162
Beacon HQ,2019-06-30,,,,,0.0489,24468043,495597
Beacon HQ,2019-09-30,,,,,0.0489,22936648,510465
Beacon HQ,2019-12-31,,,,,0.0489,21359311,525779
Beacon HQ,2020-03-31,,,,,0.0489,19734655,541552
Beacon HQ,2020-06-30,,,,,0.0489,18061258,557799
Beacon HQ,2020-09-30,,,,,0.0489,16337660,574533
Beacon HQ,2020-12-31,,,,,0.0489,14562354,591769
Beacon Software,2018-06-30,Series A,50733321,13620567,5475888,0.1079,,
Beacon Software,2018-09-30,,,,,0.1079,12184866,478567
Beacon Software,2018-12-31,,,,,0.1079,10706093,492924
Beacon Software,2019-03-31,,,,,0.1079,9182957,507712
Beacon Software,2019-06-30,,,,,0.1079,7614128,522943
Beacon Software,2019-09-30,,,,,0.1079,5998233,538632
Beacon Software,2019-12-31,,,,,0.1079,4333861,554791
Beacon Software,2020-03-31,Series B,218938261,33045257,3566731,0.1079,,
Beacon Software,2020-06-30,,,,,0.1079,32747182,972545
Beacon Software,2020-09-30,,,,,0.1079,29742020,1001721
Beacon Software,2020-12-31,,,,,0.1079,26646702,1031773
Beacon Software,2021-03-31,,,,,0.1079,23458525,1062726
Beacon Software,2021-06-30,,,,,0.1079,20174702,1094607
Beacon Software,2021-09-30,,,,,0.1079,16792365,1127446
Beacon Software,2021-12-31,,,,,0.1079,13308558,1161269
Beacon Software,2022-03-31,Series C (down round),200689047,43449911,0,0.0846,,
Beacon Software,2022-06-30,,,,,0.0846,49419421,1250242
Beacon Software,2022-09-30,,,,,0.0846,45556173,1287750
Beacon Software,2022-12-31,,,,,0.0846,41577026,1326382
Beacon Software,2023-03-31,,,,,0.0846,37478506,1366174
Beacon Software,2023-06-30,,,,,0.0846,33257030,1407159
Beacon Software,2023-09-30,,,,,0.0846,28908909,1449373
Beacon Software,2023-12-31,,,,,0.0846,24430345,1492855
Beacon Software,2024-03-31,,,,,0.0846,19817424,1537640
Beacon Software,2024-06-30,Series D,887621259,141042088,11927433,0.0846,,
Beacon Software,2024-09-30,,,,,0.0846,143206932,4300424
Beacon Software,2024-12-31,,,,,0.0846,129918622,4429437
Beacon Software,2025-03-31,,,,,0.0846,116231663,4562320
Beacon Software,2025-06-30,,,,,0.0846,102134096,4699189
Beacon Software,2025-09-30,,,,,0.0846,87613601,4840165
Beacon Software,2025-12-31,,,,,0.0846,72657491,4985370
Brightdesk HQ,2024-06-30,Series A,42499385,14832670,11866136,0.2792,,
Brightdesk HQ,2024-09-30,,,,,0.2792,12801099,677190
Brightdesk HQ,2024-12-31,,,,,0.2792,10708582,697506
Brightdesk HQ,2025-03-31,,,,,0.2792,8553289,718431
Brightdesk HQ,2025-06-30,,,,,0.2792,6333338,739984
Brightdesk HQ,2025-09-30,,,,,0.2792,4046787,762183
Brightdesk HQ,2025-12-31,Series B,279069342,56148602,15677096,0.2792,,
Brightdesk Software,2017-09-30,Series A,45945610,11616515,4766475,0.1037,,
Brightdesk Software,2017-12-31,,,,,0.1037,10376373,413381
Brightdesk Software,2018-03-31,,,,,0.1037,9099027,425782
Brightdesk Software,2018-06-30,,,,,0.1037,7783361,438555
Brightdesk Software,2018-09-30,,,,,0.1037,6428225,451712
Brightdesk Software,2018-12-31,,,,,0.1037,5032434,465263
Brightdesk Software,2019-03-31,,,,,0.1037,3594770,479221
Brightdesk Software,2019-06-30,Series B,269222489,53182318,5517224,0.1037,,
Brightdesk Software,2019-09-30,,,,,0.1037,51586910,1236462
Brightdesk Software,2019-12-31,,,,,0.1037,47766244,1273555
Brightdesk Software,2020-03-31,,,,,0.1037,43830958,1311762
Brightdesk Software,2020-06-30,,,,,0.1037,39777613,1351115
Brightdesk Software,2020-09-30,,,,,0.1037,35602668,1391648
Brightdesk Software,2020-12-31,,,,,0.1037,31302474,1433398
Brightdesk Software,2021-03-31,,,,,0.1037,26873275,1476400
Brightdesk Software,2021-06-30,,,,,0.1037,22311200,1520692
Brightdesk Software,2021-09-30,,,,,0.1037,17612262,1566312
Brightdesk Software,2021-12-31,Series C,301565513,61275943,0,0.0827,,
Brightdesk Software,2022-03-31,,,,,0.0827,66963148,2361717
Brightdesk Software,2022-06-30,,,,,0.0827,59665441,2432569
Brightdesk Software,2022-09-30,,,,,0.0827,52148803,2505546
Brightdesk Software,2022-12-31,,,,,0.0827,44406666,2580712
Brightdesk Software,2023-03-31,,,,,0.0827,36432265,2658134
Brightdesk Software,2023-06-30,,,,,0.0827,28218632,2737878
Cadence Pay,2016-03-31,Series B,107501920,26348341,7330347,0.0682,,
Cadence Pay,2016-06-30,,,,,0.0682,24177619,723574
Cadence Pay,2016-09-30,,,,,0.0682,21941776,745281
Cadence Pay,2016-12-31,,,,,0.0682,19638857,767640
Cadence Pay,2017-03-31,,,,,0.0682,17266850,790669
Cadence Pay,2017-06-30,,,,,0.0682,14823684,814389
Cadence Pay,2017-09-30,,,,,0.0682,12307222,838821
Cadence Pay,2017-12-31,,,,,0.0682,9715267,863985
Cadence Pay,2018-03-31,Series C,116275764,20671703,0,0.0561,,
Cadence Pay,2018-06-30,,,,,0.0561,23215241,1500671
Cadence Pay,2018-09-30,,,,,0.0561,18578167,1545692
Cadence Pay,2018-12-31,,,,,0.0561,13801980,1592062
Cadence Pay,2019-03-31,,,,,0.0561,8882507,1639824
Cadence Pay,2019-06-30,Series D,228253744,50402865,2825860,0.0561,,
Cadence Pay,2019-09-30,,,,,0.0561,50735579,1160912
Cadence Pay,2019-12-31,,,,,0.0561,47148360,1195739
Cadence Pay,2020-03-31,,,,,0.0561,43453525,1231612
Cadence Pay,2020-06-30,,,,,0.0561,39647845,1268560
Cadence Pay,2020-09-30,,,,,0.0561,35727995,1306617
Cadence Pay,2020-12-31,,,,,0.0561,31690549,1345815
Cadence Pay,2021-03-31,,,,,0.0561,27531980,1386190
Carbonline Materials,2021-06-30,Seed,14161187,3152607,1705369,0.1204,,
Carbonline Materials,2021-09-30,,,,,0.1204,2800666,117313
Carbonline Materials,2021-12-31,,,,,0.1204,2438168,120833
Carbonline Materials,2022-03-31,,,,,0.1204,2064794,124458
Carbonline Materials,2022-06-30,,,,,0.1204,1680220,128192
Carbonline Materials,2022-09-30,,,,,0.1204,1284108,132037
Carbonline Materials,2022-12-31,,,,,0.1204,876113,135998
Carbonline Materials,2023-03-31,,,,,0.1204,455877,140078
Carbonline Materials,2023-06-30,,,,,0.1204,23035,144281
Carbonline Power,2018-03-31,Series A,39761734,7632210,5149642,0.1295,,
Carbonline Power,2018-06-30,,,,,0.1295,6518046,371388
Carbonline Power,2018-09-30,,,,,0.1295,5370457,382530
Carbonline Power,2018-12-31,,,,,0.1295,4188440,394006
Carbonline Power,2019-03-31,,,,,0.1295,2970963,405826
Carbonline Power,2019-06-30,Series B,90867341,17052913,2208566,0.1295,,
Carbonline Power,2019-09-30,,,,,0.1295,16983763,595371
Carbonline Power,2019-12-31,,,,,0.1295,15144068,613232
Carbonline Power,2020-03-31,,,,,0.1295,13249181,631629
Carbonline Power,2020-06-30,,,,,0.1295,11297449,650578
Carbonline Power,2020-09-30,,,,,0.1295,9287164,670095
Carbonline Power,2020-12-31,,,,,0.1295,7216570,690198
Carbonline Power,2021-03-31,,,,,0.1295,5083859,710904
Carbonline Power,2021-06-30,,,,,0.1295,2887167,732231
Carbonline Power,2021-09-30,Series C (down round),74849850,12573078,0,0.1078,,
Carbonline Power,2021-12-31,,,,,0.1078,12060470,379061
Carbonline Power,2022-03-31,,,,,0.1078,10889173,390432
Carbonline Power,2022-06-30,,,,,0.1078,9682736,402145
Carbonline Power,2022-09-30,,,,,0.1078,8440107,414210
Carbonline Power,2022-12-31,,,,,0.1078,7160199,426636
Carbonline Power,2023-03-31,,,,,0.1078,5841893,439435
Carbonline Power,2023-06-30,,,,,0.1078,4484039,452618
Carbonline Power,2023-09-30,Series D,584679282,112763871,12151135,0.1078,,
Carbonline Power,2023-12-31,,,,,0.1078,109575145,2091392
Carbonline Power,2024-03-31,,,,,0.1078,103112745,2154133
Carbonline Power,2024-06-30,,,,,0.1078,96456473,2218757
Carbonline Power,2024-09-30,,,,,0.1078,89600513,2285320
Carbonline Power,2024-12-31,,,,,0.1078,82538874,2353880
Carbonline Power,2025-03-31,,,,,0.1078,75265385,2424496
Carbonline Power,2025-06-30,,,,,0.1078,67773692,2497231
Carbonline Power,2025-09-30,,,,,0.1078,60057249,2572148
Carbonline Power,2025-12-31,,,,,0.1078,52109312,2649312
Cobble,2015-06-30,Seed,16170935,3144076,1201883,0.0743,,
Cobble,2015-09-30,,,,,0.0743,2709468,144870
Cobble,2015-12-31,,,,,0.0743,2261820,149216
Cobble,2016-03-31,,,,,0.0743,1800744,153692
Cobble,2016-06-30,,,,,0.0743,1325835,158303
Cobble,2016-09-30,,,,,0.0743,836679,163052
Cobble,2016-12-31,Series A,42869422,8794349,653628,0.0743,,
Cobble,2017-03-31,,,,,0.0743,7477885,549771
Cobble,2017-06-30,,,,,0.0743,5779094,566264
Cobble,2017-09-30,,,,,0.0743,4029340,583252
Cobble,2017-12-31,,,,,0.0743,2227092,600749
Cobble,2018-03-31,,,,,0.0743,370778,618772
Coinwise,2015-12-31,Series A,59720830,11191511,8030395,0.1345,,
Coinwise,2016-03-31,,,,,0.1345,10487339,234724
Coinwise,2016-06-30,,,,,0.1345,9762041,241766
Coinwise,2016-09-30,,,,,0.1345,9014985,249019
Coinwise,2016-12-31,,,,,0.1345,8245517,256489
Coinwise,2017-03-31,,,,,0.1345,7452966,264184
Coinwise,2017-06-30,,,,,0.1345,6636637,272109
Coinwise,2017-09-30,,,,,0.1345,5795819,280273
Coinwise,2017-12-31,,,,,0.1345,4929776,288681
Coinwise,2018-03-31,,,,,0.1345,4037752,297341
Coinwise,2018-06-30,Series B,133549033,31384947,4220195,0.1345,,
Coinwise,2018-09-30,,,,,0.1345,30294444,1403157
Coinwise,2018-12-31,,,,,0.1345,25958690,1445251
Coinwise,2019-03-31,,,,,0.1345,21492863,1488609
Coinwise,2019-06-30,,,,,0.1345,16893061,1533267
Coinwise,2019-09-30,,,,,0.1345,12155265,1579265
Coinwise,2019-12-31,,,,,0.1345,7275335,1626643
Coinwise,2020-03-31,Series C,162650390,35634362,0,0.105,,
Coinwise,2020-06-30,,,,,0.105,34801036,1027444
Coinwise,2020-09-30,,,,,0.105,31626234,1058268
Coinwise,2020-12-31,,,,,0.105,28356187,1090016
Coinwise,2021-03-31,,,,,0.105,24988039,1122716
Coinwise,2021-06-30,,,,,0.105,21518846,1156398
Coinwise,2021-09-30,,,,,0.105,17945577,1191089
Coinwise,2021-12-31,,,,,0.105,14265111,1226822
Coinwise,2022-03-31,Series D,297738509,57789361,6068235,0.105,,
Coinwise,2022-06-30,,,,,0.105,62339433,1974720
Coinwise,2022-09-30,,,,,0.105,56237550,2033961
Coinwise,2022-12-31,,,,,0.105,49952610,2094980
Coinwise,2023-03-31,,,,,0.105,43479122,2157829
Coinwise,2023-06-30,,,,,0.105,36811429,2222564
Coinwise,2023-09-30,,,,,0.105,29943706,2289241
Coinwise,2023-12-31,,,,,0.105,22869950,2357918
Coinwise,2024-03-31,,,,,0.105,15583982,2428656
Coinwise,2024-06-30,Series E,1125354602,195101955,0,0.0868,,
Coinwise,2024-09-30,,,,,0.0868,180931101,7416763
Coinwise,2024-12-31,,,,,0.0868,158013303,7639266
Coinwise,2025-03-31,,,,,0.0868,134407971,7868444
Coinwise,2025-06-30,,,,,0.0868,110094479,8104497
Coinwise,2025-09-30,,,,,0.0868,85051582,8347632
Coinwise,2025-12-31,,,,,0.0868,59257398,8598061
Fable,2018-09-30,Series B,173472316,33605723,6218438,0.0358,,
Fable,2018-12-31,,,,,0.0358,31861891,581277
Fable,2019-03-31,,,,,0.0358,30065745,598716
Fable,2019-06-30,,,,,0.0358,28215714,616677
Fable,2019-09-30,,,,,0.0358,26310182,635177
Fable,2019-12-31,,,,,0.0358,24347484,654233
Fable,2020-03-31,,,,,0.0358,22325905,673860
Fable,2020-06-30,,,,,0.0358,20243679,694075
Ferry,2023-09-30,Series A,67769633,23857394,19085915,0.2816,,
Ferry,2023-12-31,,,,,0.2816,20225093,1210767
Ferry,2024-03-31,,,,,0.2816,16483824,1247090
Ferry,2024-06-30,,,,,0.2816,12630316,1284503
Ferry,2024-09-30,,,,,0.2816,8661204,1323038
Ferry,2024-12-31,Series B,133017592,21740471,6122754,0.2816,,
Ferry,2025-03-31,,,,,0.2816,21583264,1576741
Ferry,2025-06-30,,,,,0.2816,16711133,1624044
Ferry,2025-09-30,,,,,0.2816,11692837,1672765
Ferry,2025-12-31,,,,,0.2816,6523993,1722948
Forge Dev,2021-12-31,Seed,19076662,4671620,3737296,0.1959,,
Forge Dev,2022-03-31,,,,,0.1959,3862058,269854
Forge Dev,2022-06-30,,,,,0.1959,3028210,277949
Forge Dev,2022-09-30,,,,,0.1959,2169346,286288
Forge Dev,2022-12-31,,,,,0.1959,1284716,294877
Forge Dev,2023-03-31,,,,,0.1959,373548,303723
Forge Labs,2023-12-31,Seed,11456760,3021240,2037543,0.1778,,
Gridwise Energy,2016-12-31,Seed,10593438,2092345,834777,0.0788,,
Gridwise Energy,2017-03-31,,,,,0.0788,1771428,106972
Gridwise Energy,2017-06-30,,,,,0.0788,1440884,110181
Gridwise Energy,2017-09-30,,,,,0.0788,1100424,113487
Gridwise Energy,2017-12-31,,,,,0.0788,749750,116891
Gridwise Energy,2018-03-31,,,,,0.0788,388555,120398
Gridwise Energy,2018-06-30,,,,,0.0788,16525,124010
Gridwise Materials,2014-03-31,Series A,30018069,8301550,4080574,0.1359,,
Gridwise Materials,2014-06-30,,,,,0.1359,7589675,237292
Gridwise Materials,2014-09-30,,,,,0.1359,6856443,244411
Gridwise Materials,2014-12-31,,,,,0.1359,6101215,251743
Gridwise Materials,2015-03-31,,,,,0.1359,5323329,259295
Gridwise Materials,2015-06-30,,,,,0.1359,4522107,267074
Gridwise Materials,2015-09-30,,,,,0.1359,3696849,275086
Gridwise Materials,2015-12-31,,,,,0.1359,2846832,283339
Gridwise Materials,2016-03-31,,,,,0.1359,1971316,291839
Gridwise Materials,2016-06-30,Series B,39072277,8525773,0,0.1063,,
Gridwise Materials,2016-09-30,,,,,0.1063,8469780,375175
Gridwise Materials,2016-12-31,,,,,0.1063,7310488,386431
Gridwise Materials,2017-03-31,,,,,0.1063,6116418,398024
Gridwise Materials,2017-06-30,,,,,0.1063,4886525,409964
Gridwise Materials,2017-09-30,,,,,0.1063,3619736,422263
Gridwise Materials,2017-12-31,,,,,0.1063,2314943,434931
Gridwise Materials,2018-03-31,Series C,129951384,27420353,2914099,0.1063,,
Gridwise Materials,2018-06-30,,,,,0.1063,25111973,1093129
Gridwise Materials,2018-09-30,,,,,0.1063,21734205,1125922
Gridwise Materials,2018-12-31,,,,,0.1063,18255105,1159700
Gridwise Materials,2019-03-31,,,,,0.1063,14671632,1194491
Gridwise Materials,2019-06-30,,,,,0.1063,10980654,1230326
Gridwise Materials,2019-09-30,Series D,411657424,87885520,9340038,0.1063,,
Gridwise Materials,2019-12-31,,,,,0.1063,86410646,2884607
Gridwise Materials,2020-03-31,,,,,0.1063,77497211,2971145
Gridwise Materials,2020-06-30,,,,,0.1063,68316373,3060279
Gridwise Materials,2020-09-30,,,,,0.1063,58860110,3152088
Gridwise Materials,2020-12-31,,,,,0.1063,49120159,3246650
Gridwise Materials,2021-03-31,,,,,0.1063,39088009,3344050
Gridwise Materials,2021-06-30,,,,,0.1063,28754895,3444371
Gridwise Power,2017-03-31,Seed,14862844,3605708,1448401,0.0975,,
Gridwise Power,2017-06-30,,,,,0.0975,2978774,208978
Gridwise Power,2017-09-30,,,,,0.0975,2333032,215247
Gridwise Power,2017-12-31,,,,,0.0975,1667918,221705
Gridwise Power,2018-03-31,,,,,0.0975,982851,228356
Gridwise Power,2018-06-30,,,,,0.0975,277231,235207
Gridwise Systems,2019-09-30,Seed,17261376,3580989,1303532,0.0755,,
Gridwise Systems,2019-12-31,,,,,0.0755,3314969,88673
Gridwise Systems,2020-03-31,,,,,0.0755,3040968,91334
Gridwise Systems,2020-06-30,,,,,0.0755,2758747,94074
Gridwise Systems,2020-09-30,,,,,0.0755,2468060,96896
Gridwise Systems,2020-12-31,,,,,0.0755,2168652,99803
Gridwise Systems,2021-03-31,,,,,0.0755,1860262,102797
Gridwise Systems,2021-06-30,,,,,0.0755,1542620,105881
Gridwise Systems,2021-09-30,,,,,0.0755,1215448,109057
Gridwise Systems,2021-12-31,Series A (down round),12863483,2971922,0,0.0581,,
Gridwise Systems,2022-03-31,,,,,0.0581,3319239,177048
Gridwise Systems,2022-06-30,,,,,0.0581,2772160,182360
Gridwise Systems,2022-09-30,,,,,0.0581,2208669,187830
Gridwise Systems,2022-12-31,,,,,0.0581,1628272,193465
Gridwise Systems,2023-03-31,,,,,0.0581,1030465,199269
Gridwise Systems,2023-06-30,Series B,28839410,6774599,393402,0.0581,,
Gridwise Systems,2023-09-30,,,,,0.0581,5634473,518283
Gridwise Systems,2023-12-31,,,,,0.0581,4032979,533831
Gridwise Systems,2024-03-31,,,,,0.0581,2383439,549846
Gridwise Systems,2024-06-30,,,,,0.0581,684414,566342
Juniper Bio,2017-06-30,Series A,33125364,7388798,2785072,0.0841,,
Juniper Bio,2017-09-30,,,,,0.0841,6062921,441959
Juniper Bio,2017-12-31,,,,,0.0841,4697267,455218
Juniper Bio,2018-03-31,,,,,0.0841,3290645,468874
Juniper Bio,2018-06-30,,,,,0.0841,1841823,482941
Juniper Bio,2018-09-30,,,,,0.0841,349537,497429
Keystone,2019-09-30,Seed,19794653,4003245,1245557,0.0629,,
Keystone,2019-12-31,,,,,0.0629,3500044,167734
Keystone,2020-03-31,,,,,0.0629,2981748,172766
Keystone,2020-06-30,,,,,0.0629,2447902,177949
Keystone,2020-09-30,,,,,0.0629,1898041,183287
Keystone,2020-12-31,,,,,0.0629,1331684,188786
Keystone,2021-03-31,Series A (down round),16923988,3640846,0,0.0494,,
Keystone,2021-06-30,,,,,0.0494,3895144,164680
Keystone,2021-09-30,,,,,0.0494,3386283,169620
Keystone,2021-12-31,,,,,0.0494,2862157,174709
Keystone,2022-03-31,,,,,0.0494,2322307,179950
Keystone,2022-06-30,,,,,0.0494,1766261,185349
Keystone,2022-09-30,,,,,0.0494,1193535,190909
Keystone,2022-12-31,,,,,0.0494,603626,196636
Keystone,2023-03-31,,,,,0.0494,0,202535
Kinetic Care,2019-12-31,Seed,16438346,4078739,968338,0.0589,,
Kinetic Care,2020-03-31,,,,,0.0589,3551607,175710
Kinetic Care,2020-06-30,,,,,0.0589,3008662,180982
Kinetic Care,2020-09-30,,,,,0.0589,2449428,186411
Kinetic Care,2020-12-31,,,,,0.0589,1873418,192004
Kinetic Care,2021-03-31,Series A,58247277,13021841,767081,0.0589,,
Kinetic Care,2021-06-30,,,,,0.0589,12956626,448447
Kinetic Care,2021-09-30,,,,,0.0589,11570924,461901
Kinetic Care,2021-12-31,,,,,0.0589,10143651,475758
Kinetic Care,2022-03-31,,,,,0.0589,8673560,490030
Kinetic Care,2022-06-30,,,,,0.0589,7159365,504731
Kinetic Care,2022-09-30,,,,,0.0589,5599745,519873
Kinetic Care,2022-12-31,Series B,157799245,39146422,2306010,0.0589,,
Kinetic Care,2023-03-31,,,,,0.0589,40376018,921247
Kinetic Care,2023-06-30,,,,,0.0589,37529366,948884
Kinetic Care,2023-09-30,,,,,0.0589,34597313,977351
Kinetic Care,2023-12-31,,,,,0.0589,31577300,1006671
Kinetic Care,2024-03-31,,,,,0.0589,28466686,1036871
Kinetic Clinics,2017-06-30,Seed,16889149,3794730,1067941,0.0632,,
Kinetic Clinics,2017-09-30,,,,,0.0632,3496604,99375
Kinetic Clinics,2017-12-31,,,,,0.0632,3189535,102356
Kinetic Clinics,2018-03-31,,,,,0.0632,2873254,105427
Kinetic Clinics,2018-06-30,,,,,0.0632,2547484,108590
Kinetic Clinics,2018-09-30,,,,,0.0632,2211941,111848
Kinetic Clinics,2018-12-31,,,,,0.0632,1866332,115203
Kinetic Clinics,2019-03-31,,,,,0.0632,1510354,118659
Kinetic Clinics,2019-06-30,Series A,168638045,34435371,2177431,0.0632,,
Kinetic Clinics,2019-09-30,,,,,0.0632,31243467,1445200
Kinetic Clinics,2019-12-31,,,,,0.0632,26777798,1488556
Kinetic Clinics,2020-03-31,,,,,0.0632,22178158,1533213
Kinetic Clinics,2020-06-30,,,,,0.0632,17440530,1579210
Kinetic Clinics,2020-09-30,,,,,0.0632,12560772,1626586
Kinetic Clinics,2020-12-31,,,,,0.0632,7534622,1675383
Kinetic Clinics,2021-03-31,,,,,0.0632,2357687,1725645
Kinetic Clinics,2021-06-30,,,,,0.0632,0,1777414
Kinetic Health,2022-12-31,Series A,42141438,14604363,11683491,0.2772,,
Kinetic Health,2023-03-31,,,,,0.2772,12621963,660800
Kinetic Health,2023-06-30,,,,,0.2772,10580091,680624
Kinetic Health,2023-09-30,,,,,0.2772,8476962,701043
Kinetic Health,2023-12-31,,,,,0.2772,6310740,722074
Kinetic Health,2024-03-31,,,,,0.2772,4079531,743736
Kinetic Health,2024-06-30,,,,,0.2772,1781386,766048
Kinetic Health,2024-09-30,,,,,0.2772,0,789030
Lattice AI,2022-12-31,Series A,30678423,10204133,8163306,0.2661,,
Lattice AI,2023-03-31,,,,,0.2661,8811997,464045
Lattice AI,2023-06-30,,,,,0.2661,7378098,477966
Lattice AI,2023-09-30,,,,,0.2661,5901182,492305
Lattice AI,2023-12-31,,,,,0.2661,4379958,507075
Lattice AI,2024-03-31,,,,,0.2661,2813097,522287
Lattice AI,2024-06-30,,,,,0.2661,1199231,537955
Lattice AI,2024-09-30,,,,,0.2661,0,554094
Lumen Bio,2018-03-31,Seed,8453199,1527092,620310,0.0734,,
Lumen Bio,2018-06-30,,,,,0.0734,1290551,78847
Lumen Bio,2018-09-30,,,,,0.0734,1046914,81212
Lumen Bio,2018-12-31,,,,,0.0734,795968,83649
Lumen Bio,2019-03-31,,,,,0.0734,537493,86158
Lumen Bio,2019-06-30,Series A (down round),6301066,1150969,0,0.06,,
Lumen Bio,2019-09-30,,,,,0.06,1275540,48898
Lumen Bio,2019-12-31,,,,,0.06,1124446,50365
Lumen Bio,2020-03-31,,,,,0.06,968819,51876
Lumen Bio,2020-06-30,,,,,0.06,808524,53432
Lumen Bio,2020-09-30,,,,,0.06,643419,55035
Lumen Bio,2020-12-31,,,,,0.06,473362,56686
Lumen Bio,2021-03-31,,,,,0.06,298203,58386
Lumen Bio,2021-06-30,,,,,0.06,117789,60138
Lumen Bio,2021-09-30,,,,,0.06,0,61942
Lumen Clinics,2014-12-31,Seed,8645866,1639240,715760,0.0828,,
Lumen Clinics,2015-03-31,,,,,0.0828,1458269,60324
Lumen Clinics,2015-06-30,,,,,0.0828,1271868,62134
Lumen Clinics,2015-09-30,,,,,0.0828,1079875,63998
Lumen Clinics,2015-12-31,,,,,0.0828,882123,65918
Lumen Clinics,2016-03-31,,,,,0.0828,678438,67895
Lumen Clinics,2016-06-30,,,,,0.0828,468642,69932
Lumen Clinics,2016-09-30,,,,,0.0828,252552,72030
Lumen Clinics,2016-12-31,,,,,0.0828,29980,74191
Lumen Clinics,2017-03-31,,,,,0.0828,0,76416
Mosaic Cloud,2021-09-30,Series A,48841226,13451248,10760998,0.2203,,
Mosaic Cloud,2021-12-31,,,,,0.2203,12428067,341060
Mosaic Cloud,2022-03-31,,,,,0.2203,11374190,351292
Mosaic Cloud,2022-06-30,,,,,0.2203,10288698,361831
Mosaic Cloud,2022-09-30,,,,,0.2203,9170640,372686
Mosaic Cloud,2022-12-31,,,,,0.2203,8019041,383866
Mosaic Cloud,2023-03-31,,,,,0.2203,6832894,395382
Mosaic Cloud,2023-06-30,,,,,0.2203,5611162,407244
Mosaic Cloud,2023-09-30,,,,,0.2203,4352779,419461
Mosaic Cloud,2023-12-31,Series B,78234470,14102567,3107164,0.2203,,
Mosaic Cloud,2024-03-31,,,,,0.2203,16013182,382010
Mosaic Cloud,2024-06-30,,,,,0.2203,14832773,393470
Mosaic Cloud,2024-09-30,,,,,0.2203,13616951,405274
Mosaic Cloud,2024-12-31,,,,,0.2203,12364654,417432
Mosaic Cloud,2025-03-31,,,,,0.2203,11074788,429955
Mosaic Cloud,2025-06-30,,,,,0.2203,9746227,442854
Mosaic Cloud,2025-09-30,,,,,0.2203,8377808,456139
Mosaic Cloud,2025-12-31,,,,,0.2203,6968337,469824
Mosaic HQ,2022-06-30,Seed,12732073,3486898,1634405,0.1284,,
Mosaic HQ,2022-09-30,,,,,0.1284,3195494,97135
Mosaic HQ,2022-12-31,,,,,0.1284,2895348,100049
Mosaic HQ,2023-03-31,,,,,0.1284,2586198,103050
Mosaic HQ,2023-06-30,,,,,0.1284,2267773,106142
Mosaic HQ,2023-09-30,,,,,0.1284,1939796,109326
Mosaic HQ,2023-12-31,,,,,0.1284,1601979,112606
Mosaic HQ,2024-03-31,,,,,0.1284,1254027,115984
Mosaic HQ,2024-06-30,,,,,0.1284,895638,119463
Mosaic HQ,2024-09-30,Series A,26959078,5268995,676376,0.1284,,
Mosaic HQ,2024-12-31,,,,,0.1284,4826825,322889
Mosaic HQ,2025-03-31,,,,,0.1284,3829098,332575
Mosaic HQ,2025-06-30,,,,,0.1284,2801440,342553
Mosaic HQ,2025-09-30,,,,,0.1284,1742952,352829
Mosaic HQ,2025-12-31,Series B,34667386,7671039,0,0.1,,
Nimbus AI,2016-09-30,Seed,14549236,4047573,1081081,0.0743,,
Nimbus AI,2016-12-31,,,,,0.0743,3706242,113777
Nimbus AI,2017-03-31,,,,,0.0743,3354671,117190
Nimbus AI,2017-06-30,,,,,0.0743,2992553,120706
Nimbus AI,2017-09-30,,,,,0.0743,2619572,124327
Nimbus AI,2017-12-31,,,,,0.0743,2235401,128057
Nimbus AI,2018-03-31,,,,,0.0743,1839705,131899
Nimbus AI,2018-06-30,,,,,0.0743,1432138,135856
Nimbus AI,2018-09-30,,,,,0.0743,1012344,139931
Nimbus AI,2018-12-31,Series A,32781640,7828414,581690,0.0743,,
Nimbus AI,2019-03-31,,,,,0.0743,7548214,286719
Nimbus AI,2019-06-30,,,,,0.0743,6662253,295320
Nimbus AI,2019-09-30,,,,,0.0743,5749713,304180
Nimbus AI,2019-12-31,,,,,0.0743,4809796,313305
Nimbus AI,2020-03-31,,,,,0.0743,3841682,322705
Nimbus AI,2020-06-30,,,,,0.0743,2844525,332386
Nimbus AI,2020-09-30,Series B,103108222,23813177,1769438,0.0743,,
Nimbus AI,2020-12-31,,,,,0.0743,23717673,637652
Nimbus AI,2021-03-31,,,,,0.0743,21747327,656782
Nimbus AI,2021-06-30,,,,,0.0743,19717871,676485
Nimbus AI,2021-09-30,,,,,0.0743,17627531,696780
Nimbus AI,2021-12-31,,,,,0.0743,15474481,717683
Nimbus AI,2022-03-31,,,,,0.0743,13256839,739214
Nimbus AI,2022-06-30,,,,,0.0743,10972668,761390
Nimbus AI,2022-09-30,,,,,0.0743,8619972,784232
Nimbus AI,2022-12-31,,,,,0.0743,6196696,807759
Nimbus Data,2018-09-30,Seed,15905580,3175276,1432612,0.0901,,
Nimbus Data,2018-12-31,,,,,0.0901,2862197,104360
Nimbus Data,2019-03-31,,,,,0.0901,2539725,107491
Nimbus Data,2019-06-30,,,,,0.0901,2207579,110715
Nimbus Data,2019-09-30,,,,,0.0901,1865469,114037
Nimbus Data,2019-12-31,,,,,0.0901,1513095,117458
Nimbus Data,2020-03-31,,,,,0.0901,1150150,120982
Nimbus Data,2020-06-30,Series A (down round),14650403,2728819,0,0.0733,,
Nimbus Data,2020-09-30,,,,,0.0733,3174329,110269
Nimbus Data,2020-12-31,,,,,0.0733,2833598,113577
Nimbus Data,2021-03-31,,,,,0.0733,2482645,116984
Nimbus Data,2021-06-30,,,,,0.0733,2121163,120494
Nimbus Data,2021-09-30,,,,,0.0733,1748837,124109
Nimbus Data,2021-12-31,,,,,0.0733,1365340,127832
Nimbus Data,2022-03-31,,,,,0.0733,970340,131667
Nimbus Data,2022-06-30,,,,,0.0733,563489,135617
Nimbus Data,2022-09-30,Series B,31918167,7877652,577378,0.0733,,
Nimbus Data,2022-12-31,,,,,0.0733,7337919,228055
Nimbus Data,2023-03-31,,,,,0.0733,6633230,234897
Nimbus Data,2023-06-30,,,,,0.0733,5907400,241943
Nimbus Data,2023-09-30,,,,,0.0733,5159794,249202
Nimbus Data,2023-12-31,,,,,0.0733,4389761,256678
Nimbus Data,2024-03-31,,,,,0.0733,3596627,264378
Nimbus Data,2024-06-30,,,,,0.0733,2779699,272309
Nimbus Data,2024-09-30,Series C,101764843,15341009,1124391,0.0733,,
Nimbus Data,2024-12-31,,,,,0.0733,15886623,464216
Nimbus Data,2025-03-31,,,,,0.0733,14452196,478143
Nimbus Data,2025-06-30,,,,,0.0733,12974735,492487
Nimbus Data,2025-09-30,,,,,0.0733,11452951,507261
Nimbus Data,2025-12-31,,,,,0.0733,9885513,522479
Nimbus Labs,2019-12-31,Series A,66633674,16214489,7950810,0.1193,,
Nimbus Labs,2020-03-31,,,,,0.1193,13480777,911237
Nimbus Labs,2020-06-30,,,,,0.1193,10665053,938575
Nimbus Labs,2020-09-30,,,,,0.1193,7764858,966732
Nimbus Labs,2020-12-31,,,,,0.1193,4777657,995734
Nimbus Labs,2021-03-31,Series B,283384161,58611095,6993546,0.1193,,
Nimbus Labs,2021-06-30,,,,,0.1193,55355825,1652037
Nimbus Labs,2021-09-30,,,,,0.1193,50251032,1701598
Nimbus Labs,2021-12-31,,,,,0.1193,44993095,1752646
Nimbus Labs,2022-03-31,,,,,0.1193,39577420,1805225
Nimbus Labs,2022-06-30,,,,,0.1193,33999275,1859382
Nimbus Labs,2022-09-30,,,,,0.1193,28253786,1915163
Nimbus Labs,2022-12-31,,,,,0.1193,22335931,1972618
Nimbus Labs,2023-03-31,,,,,0.1193,16240542,2031797
Nimbus Labs,2023-06-30,Series C,1085017743,231782759,27656596,0.1193,,
Nimbus Labs,2023-09-30,,,,,0.1193,225922270,5274260
Nimbus Labs,2023-12-31,,,,,0.1193,209624808,5432488
Nimbus Labs,2024-03-31,,,,,0.1193,192838421,5595462
Nimbus Labs,2024-06-30,,,,,0.1193,175548443,5763326
Nimbus Labs,2024-09-30,,,,,0.1193,157739766,5936226
Nimbus Labs,2024-12-31,,,,,0.1193,139396828,6114313
Nimbus Labs,2025-03-31,,,,,0.1193,120503602,6297742
Northstar Software,2017-09-30,Seed,12482129,3093588,1309814,0.1049,,
Northstar Software,2017-12-31,,,,,0.1049,2760936,110884
Northstar Software,2018-03-31,,,,,0.1049,2418304,114211
Northstar Software,2018-06-30,,,,,0.1049,2065394,117637
Northstar Software,2018-09-30,,,,,0.1049,1701895,121166
Northstar Software,2018-12-31,,,,,0.1049,1327492,124801
Northstar Software,2019-03-31,,,,,0.1049,941857,128545
Northstar Software,2019-06-30,,,,,0.1049,544653,132401
Northstar Software,2019-09-30,,,,,0.1049,135533,136373
Northstar Software,2019-12-31,,,,,0.1049,0,140465
Orchid Care,2023-09-30,Seed,17792442,4541233,2464585,0.1385,,
Orchid Care,2023-12-31,,,,,0.1385,3919863,207123
Orchid Care,2024-03-31,,,,,0.1385,3279851,213337
Orchid Care,2024-06-30,,,,,0.1385,2620639,219737
Orchid Care,2024-09-30,,,,,0.1385,1941651,226329
Orchid Care,2024-12-31,,,,,0.1385,1242293,233119
Orchid Care,2025-03-31,Series A,44405002,8374846,1160072,0.1385,,
Orchid Care,2025-06-30,,,,,0.1385,7116198,593534
Orchid Care,2025-09-30,,,,,0.1385,5282178,611340
Orchid Care,2025-12-31,,,,,0.1385,3393138,629680
Orchid Health,2022-03-31,Series A,61153583,15377708,12302166,0.2012,,
Orchid Health,2022-06-30,,,,,0.2012,13262902,704935
Orchid Health,2022-09-30,,,,,0.2012,11084651,726083
Orchid Health,2022-12-31,,,,,0.2012,8841053,747866
Orchid Health,2023-03-31,,,,,0.2012,6530148,770302
Orchid Health,2023-06-30,Series B (down round),48794998,11938717,0,0.1519,,
Orchid Health,2023-09-30,,,,,0.1519,14718566,456688
Orchid Health,2023-12-31,,,,,0.1519,13307399,470389
Orchid Health,2024-03-31,,,,,0.1519,11853897,484501
Orchid Health,2024-06-30,,,,,0.1519,10356790,499036
Orchid Health,2024-09-30,,,,,0.1519,8814769,514007
Orchid Health,2024-12-31,,,,,0.1519,7226488,529427
Orchid Health,2025-03-31,,,,,0.1519,5590559,545310
Orchid Health,2025-06-30,,,,,0.1519,3905552,561669
Orchid Health,2025-09-30,,,,,0.1519,2169994,578519
Orchid Health,2025-12-31,Series C (down round),48190488,11783674,0,0.1148,,
Parcel,2020-09-30,Seed,11302902,2658225,902870,0.0799,,
Parcel,2020-12-31,,,,,0.0799,2423417,78269
Parcel,2021-03-31,,,,,0.0799,2181565,80617
Parcel,2021-06-30,,,,,0.0799,1932457,83036
Parcel,2021-09-30,,,,,0.0799,1675876,85527
Parcel,2021-12-31,,,,,0.0799,1411598,88093
Parcel,2022-03-31,,,,,0.0799,1139391,90736
Parcel,2022-06-30,,,,,0.0799,859018,93458
Parcel,2022-09-30,Series A,39391173,9459844,755648,0.0799,,
Parcel,2022-12-31,,,,,0.0799,8676527,451184
Parcel,2023-03-31,,,,,0.0799,7282370,464719
Parcel,2023-06-30,,,,,0.0799,5846388,478661
Parcel,2023-09-30,,,,,0.0799,4367326,493020
Parcel,2023-12-31,,,,,0.0799,2843893,507811
Parcel,2024-03-31,,,,,0.0799,1274757,523045
Parcel,2024-06-30,,,,,0.0799,0,538737
Parcel & Co,2019-12-31,Series A,35923046,9064936,3268944,0.091,,
Parcel & Co,2020-03-31,,,,,0.091,8176418,296172
Parcel & Co,2020-06-30,,,,,0.091,7261245,305058
Parcel & Co,2020-09-30,,,,,0.091,6318617,314209
Parcel & Co,2020-12-31,,,,,0.091,5347710,323636
Parcel & Co,2021-03-31,,,,,0.091,4347676,333345
Parcel & Co,2021-06-30,,,,,0.091,3317641,343345
Parcel & Co,2021-09-30,,,,,0.091,2256704,353645
Parcel & Co,2021-12-31,Series B,70742368,16331472,1486140,0.091,,
Parcel & Co,2022-03-31,,,,,0.091,15859573,545280
Parcel & Co,2022-06-30,,,,,0.091,14174658,561638
Parcel & Co,2022-09-30,,,,,0.091,12439196,578487
Parcel & Co,2022-12-31,,,,,0.091,10651671,595842
Parcel & Co,2023-03-31,,,,,0.091,8810519,613717
Parcel & Co,2023-06-30,,,,,0.091,6914133,632129
Parcel & Co,2023-09-30,,,,,0.091,4960855,651093
Parcel & Co,2023-12-31,Series C,92714003,14680133,0,0.0766,,
Parcel & Co,2024-03-31,,,,,0.0766,16329248,433288
Parcel & Co,2024-06-30,,,,,0.0766,14990388,446287
Parcel & Co,2024-09-30,,,,,0.0766,13611362,459675
Parcel & Co,2024-12-31,,,,,0.0766,12190965,473465
Parcel & Co,2025-03-31,,,,,0.0766,10727957,487669
Parcel & Co,2025-06-30,,,,,0.0766,9221058,502300
Parcel & Co,2025-09-30,,,,,0.0766,7668953,517369
Parcel & Co,2025-12-31,,,,,0.0766,6070284,532890
Pebble,2018-03-31,Series A,47361027,12457359,3851041,0.0813,,
Pebble,2018-06-30,,,,,0.0813,11572517,294948
Pebble,2018-09-30,,,,,0.0813,10661129,303796
Pebble,2018-12-31,,,,,0.0813,9722399,312910
Pebble,2019-03-31,,,,,0.0813,8755508,322297
Pebble,2019-06-30,,,,,0.0813,7759610,331966
Pebble,2019-09-30,,,,,0.0813,6733835,341925
Pebble,2019-12-31,,,,,0.0813,5677287,352183
Pebble,2020-03-31,,,,,0.0813,4589042,362748
Pebble,2020-06-30,,,,,0.0813,3468150,373631
Pebble,2020-09-30,Series B,148031855,28216731,2294371,0.0813,,
Pebble,2020-12-31,,,,,0.0813,25377807,1717518
Pebble,2021-03-31,,,,,0.0813,20070676,1769044
Pebble,2021-06-30,,,,,0.0813,14604331,1822115
Pebble,2021-09-30,,,,,0.0813,8973996,1876778
Pebble,2021-12-31,,,,,0.0813,3174751,1933082
Pebble & Co,2015-06-30,Series A,66350973,14909586,8094050,0.122,,
Pebble & Co,2015-09-30,,,,,0.122,13608434,433717
Pebble & Co,2015-12-31,,,,,0.122,12268247,446729
Pebble & Co,2016-03-31,,,,,0.122,10887856,460131
Pebble & Co,2016-06-30,,,,,0.122,9466052,473935
Pebble & Co,2016-09-30,,,,,0.122,8001594,488153
Pebble & Co,2016-12-31,,,,,0.122,6493202,502797
Pebble & Co,2017-03-31,,,,,0.122,4939559,517881
Pebble & Co,2017-06-30,Series B,164480894,29471037,3595125,0.122,,
Pebble & Co,2017-09-30,,,,,0.122,30497838,770835
Pebble & Co,2017-12-31,,,,,0.122,28115957,793960
Pebble & Co,2018-03-31,,,,,0.122,25662619,817779
Pebble & Co,2018-06-30,,,,,0.122,23135682,842312
Pebble & Co,2018-09-30,,,,,0.122,20532936,867582
Pebble & Co,2018-12-31,,,,,0.122,17852108,893609
Pebble & Co,2019-03-31,,,,,0.122,15090855,920418
Pebble & Co,2019-06-30,,,,,0.122,12246765,948030
Pebble & Co,2019-09-30,Series C,213823530,40016109,0,0.0992,,
Pebble & Co,2019-12-31,,,,,0.0992,43500826,1944211
Pebble & Co,2020-03-31,,,,,0.0992,37493212,2002538
Pebble & Co,2020-06-30,,,,,0.0992,31305371,2062614
Pebble & Co,2020-09-30,,,,,0.0992,24931893,2124492
Pebble & Co,2020-12-31,,,,,0.0992,18367212,2188227
Pebble & Co,2021-03-31,Series D,553039653,101559150,10070487,0.0992,,
Pebble & Co,2021-06-30,,,,,0.0992,89078630,8028703
Pebble & Co,2021-09-30,,,,,0.0992,64269937,8269564
Pebble & Co,2021-12-31,,,,,0.0992,38716982,8517651
Pebble & Co,2022-03-31,,,,,0.0992,12397440,8773181
Pebble Home,2020-06-30,Series A,64498057,12412610,5456261,0.0846,,
Pebble Home,2020-09-30,,,,,0.0846,11313664,366315
Pebble Home,2020-12-31,,,,,0.0846,10181749,377305
Pebble Home,2021-03-31,,,,,0.0846,9015877,388624
Pebble Home,2021-06-30,,,,,0.0846,7815029,400283
Pebble Home,2021-09-30,,,,,0.0846,6578155,412291
Pebble Home,2021-12-31,,,,,0.0846,5304175,424660
Pebble Home,2022-03-31,,,,,0.0846,3991976,437400
Pebble Home,2022-06-30,,,,,0.0846,2640411,450522
Pebble Home,2022-09-30,Series B,104446221,20376320,1723750,0.0846,,
Pebble Home,2022-12-31,,,,,0.0846,18367641,1085659
Pebble Home,2023-03-31,,,,,0.0846,15012954,1118229
Pebble Home,2023-06-30,,,,,0.0846,11557626,1151776
Pebble Home,2023-09-30,,,,,0.0846,7998639,1186329
Pebble Home,2023-12-31,,,,,0.0846,4332882,1221919
Pebble Home,2024-03-31,,,,,0.0846,557152,1258577
Plinth Money,2020-06-30,Seed,9100327,1749699,508107,0.0558,,
Plinth Money,2020-09-30,,,,,0.0558,1510260,79813
Plinth Money,2020-12-31,,,,,0.0558,1263638,82207
Plinth Money,2021-03-31,,,,,0.0558,1009616,84674
Plinth Money,2021-06-30,,,,,0.0558,747975,87214
Plinth Money,2021-09-30,,,,,0.0558,478484,89830
Plinth Money,2021-12-31,Series A,27895463,6140030,342822,0.0558,,
Plinth Money,2022-03-31,,,,,0.0558,5825120,171939
Plinth Money,2022-06-30,,,,,0.0558,5293828,177097
Plinth Money,2022-09-30,,,,,0.0558,4746597,182410
Plinth Money,2022-12-31,,,,,0.0558,4182949,187883
Plinth Money,2023-03-31,,,,,0.0558,3602391,193519
Plinth Money,2023-06-30,,,,,0.0558,3004417,199325
Plinth Money,2023-09-30,,,,,0.0558,2388503,205304
Plinth Money,2023-12-31,,,,,0.0558,1754113,211464
Plinth Money,2024-03-31,,,,,0.0558,1100690,217808
Plinth Money,2024-06-30,Series B,75694206,15913336,888504,0.0558,,
Plinth Money,2024-09-30,,,,,0.0558,14693880,549040
Plinth Money,2024-12-31,,,,,0.0558,12997345,565512
Plinth Money,2025-03-31,,,,,0.0558,11249913,582477
Plinth Money,2025-06-30,,,,,0.0558,9450059,599951
Plinth Money,2025-09-30,,,,,0.0558,7596210,617950
Plinth Money,2025-12-31,,,,,0.0558,5686745,636488
Plinth Pay,2021-09-30,Seed,16219227,3976618,2024234,0.1248,,
Plinth Pay,2021-12-31,,,,,0.1248,3646518,110033
Plinth Pay,2022-03-31,,,,,0.1248,3306516,113334
Plinth Pay,2022-06-30,,,,,0.1248,2956314,116734
Plinth Pay,2022-09-30,,,,,0.1248,2595605,120236
Plinth Pay,2022-12-31,,,,,0.1248,2224076,123843
Plinth Pay,2023-03-31,,,,,0.1248,1841400,127558
Plinth Pay,2023-06-30,,,,,0.1248,1447245,131385
Plinth Pay,2023-09-30,,,,,0.1248,1041264,135327
Plinth Pay,2023-12-31,Series A,54765539,12892053,1608987,0.1248,,
Plinth Pay,2024-03-31,,,,,0.1248,12048215,488981
Plinth Pay,2024-06-30,,,,,0.1248,10537264,503650
Plinth Pay,2024-09-30,,,,,0.1248,8980985,518760
Plinth Pay,2024-12-31,,,,,0.1248,7378018,534322
Plinth Pay,2025-03-31,,,,,0.1248,5726961,550352
Plinth Pay,2025-06-30,,,,,0.1248,4026373,566863
Plinth Pay,2025-09-30,Series B,168512705,38550581,4811290,0.1248,,
Plinth Pay,2025-12-31,,,,,0.1248,34714139,2037070
Pylon Data,2015-09-30,Seed,8478457,2077958,836219,0.0986,,
Pylon Data,2015-12-31,,,,,0.0986,1790074,95961
Pylon Data,2016-03-31,,,,,0.0986,1493553,98840
Pylon Data,2016-06-30,,,,,0.0986,1188137,101805
Pylon Data,2016-09-30,,,,,0.0986,873559,104860
Pylon Data,2016-12-31,,,,,0.0986,549543,108005
Pylon Data,2017-03-31,Series A (down round),5754125,1097222,0,0.0798,,
Pylon Data,2017-06-30,,,,,0.0798,1136707,58774
Pylon Data,2017-09-30,,,,,0.0798,955096,60537
Pylon Data,2017-12-31,,,,,0.0798,768036,62353
Pylon Data,2018-03-31,,,,,0.0798,575365,64224
Pylon Data,2018-06-30,,,,,0.0798,376914,66150
Pylon Data,2018-09-30,,,,,0.0798,172509,68135
Pylon Data,2018-12-31,,,,,0.0798,0,70179
Pylon Labs,2017-06-30,Seed,14924609,4065979,982766,0.0658,,
Pylon Labs,2017-09-30,,,,,0.0658,3653584,137465
Pylon Labs,2017-12-31,,,,,0.0658,3228818,141589
Pylon Labs,2018-03-31,,,,,0.0658,2791308,145837
Pylon Labs,2018-06-30,,,,,0.0658,2340673,150212
Pylon Labs,2018-09-30,,,,,0.0658,1876519,154718
Pylon Labs,2018-12-31,,,,,0.0658,1398441,159360
Pylon Labs,2019-03-31,Series A,66275592,16378191,1078482,0.0658,,
Pylon Labs,2019-06-30,,,,,0.0658,14790706,831168
Pylon Labs,2019-09-30,,,,,0.0658,12222395,856103
Pylon Labs,2019-12-31,,,,,0.0658,9577035,881787
Pylon Labs,2020-03-31,,,,,0.0658,6852315,908240
Pylon Labs,2020-06-30,Series B,289388324,51200014,3371453,0.0658,,
Pylon Labs,2020-09-30,,,,,0.0658,48088795,2385691
Pylon Labs,2020-12-31,,,,,0.0658,40717010,2457262
Pylon Labs,2021-03-31,,,,,0.0658,33124072,2530979
Pylon Labs,2021-06-30,,,,,0.0658,25303346,2606909
Pylon Labs,2021-09-30,Series C,586845896,105673720,0,0.054,,
Pylon Labs,2021-12-31,,,,,0.054,116148552,2257722
Pylon Labs,2022-03-31,,,,,0.054,109172191,2325453
Pylon Labs,2022-06-30,,,,,0.054,101986540,2395217
Pylon Labs,2022-09-30,,,,,0.054,94585319,2467074
Pylon Labs,2022-12-31,,,,,0.054,86962061,2541086
Pylon Labs,2023-03-31,,,,,0.054,79110106,2617318
Pylon Labs,2023-06-30,,,,,0.054,71022592,2695838
Pylon Labs,2023-09-30,,,,,0.054,62692453,2776713
Quorum Software,2023-03-31,Series A,50460247,17041600,13633280,0.2702,,
Quorum Software,2023-06-30,,,,,0.2702,14861851,726583
Quorum Software,2023-09-30,,,,,0.2702,12616708,748381
Quorum Software,2023-12-31,,,,,0.2702,10304211,770832
Quorum Software,2024-03-31,,,,,0.2702,7922340,793957
Quorum Software,2024-06-30,,,,,0.2702,5469012,817776
Quorum Software,2024-09-30,Series B (down round),31818329,6916378,0,0.2114,,
Quorum Software,2024-12-31,,,,,0.2114,8461390,465691
Quorum Software,2025-03-31,,,,,0.2114,7022405,479662
Quorum Software,2025-06-30,,,,,0.2114,5540251,494051
Quorum Software,2025-09-30,,,,,0.2114,4013632,508873
Quorum Software,2025-12-31,,,,,0.2114,2441214,524139
Relay Software,2023-09-30,Seed,8040732,1849290,1322383,0.1645,,
Relay Software,2023-12-31,,,,,0.1645,1609660,79877
Relay Software,2024-03-31,,,,,0.1645,1362840,82273
Relay Software,2024-06-30,,,,,0.1645,1108615,84741
Relay Software,2024-09-30,,,,,0.1645,846764,87284
Relay Software,2024-12-31,Series A,8656759,2056944,0,0.1254,,
Relay Software,2025-03-31,,,,,0.1254,2391459,80848
Relay Software,2025-06-30,,,,,0.1254,2141640,83273
Relay Software,2025-09-30,,,,,0.1254,1884327,85771
Relay Software,2025-12-31,,,,,0.1254,1619294,88344
Sable,2024-06-30,Seed,12779545,3508508,1995724,0.1562,,
Sable Money,2016-09-30,Series A,64789759,14367731,9589922,0.148,,
Sable Money,2016-12-31,,,,,0.148,12385341,660797
Sable Money,2017-03-31,,,,,0.148,10343479,680621
Sable Money,2017-06-30,,,,,0.148,8240361,701039
Sable Money,2017-09-30,,,,,0.148,6074150,722070
Sable Money,2017-12-31,,,,,0.148,3842953,743733
Sable Money,2018-03-31,,,,,0.148,1544819,766044
Sable Money,2018-06-30,,,,,0.148,0,789026
Saffron,2015-03-31,Series A,42138470,8394596,6135297,0.1456,,
Saffron,2015-06-30,,,,,0.1456,7633303,253764
Saffron,2015-09-30,,,,,0.1456,6849172,261377
Saffron,2015-12-31,,,,,0.1456,6041517,269218
Saffron,2016-03-31,,,,,0.1456,5209632,277295
Saffron,2016-06-30,,,,,0.1456,4352791,285614
Saffron,2016-09-30,,,,,0.1456,3470244,294182
Saffron,2016-12-31,,,,,0.1456,2561221,303008
Saffron,2017-03-31,Series B,120726019,18332740,2669219,0.1456,,
Saffron,2017-06-30,,,,,0.1456,17107076,950197
Saffron,2017-09-30,,,,,0.1456,14170968,978703
Saffron,2017-12-31,,,,,0.1456,11146775,1008064
Saffron,2018-03-31,,,,,0.1456,8031858,1038306
Saffron,2018-06-30,,,,,0.1456,4823492,1069455
Saffron,2018-09-30,Series C (down round),60214816,14613714,0,0.1103,,
Saffron,2018-12-31,,,,,0.1103,14800008,444194
Saffron,2019-03-31,,,,,0.1103,13427448,457520
Saffron,2019-06-30,,,,,0.1103,12013712,471245
Saffron,2019-09-30,,,,,0.1103,10557564,485383
Saffron,2019-12-31,,,,,0.1103,9057731,499944
Saffron,2020-03-31,,,,,0.1103,7512904,514943
Saffron,2020-06-30,,,,,0.1103,5921731,530391
Saffron,2020-09-30,,,,,0.1103,4282824,546303
Saffron,2020-12-31,Series D,119515605,19626674,2164091,0.1103,,
Saffron,2021-03-31,,,,,0.1103,20131551,696624
Saffron,2021-06-30,,,,,0.1103,17978984,717522
Saffron,2021-09-30,,,,,0.1103,15761839,739048
Saffron,2021-12-31,,,,,0.1103,13478180,761220
Saffron,2022-03-31,,,,,0.1103,11126012,784056
Saffron,2022-06-30,,,,,0.1103,8703278,807578
Saffron,2022-09-30,,,,,0.1103,6207863,831805
Saffron,2022-12-31,,,,,0.1103,3637585,856759
Saffron,2023-03-31,Series E,525947856,111471638,0,0.0869,,
Saffron,2023-06-30,,,,,0.0869,100656762,3935025
Saffron,2023-09-30,,,,,0.0869,88497534,4053076
Saffron,2023-12-31,,,,,0.0869,75973530,4174668
Saffron,2024-03-31,,,,,0.0869,63073806,4299908
Saffron,2024-06-30,,,,,0.0869,49787090,4428905
Saffron,2024-09-30,,,,,0.0869,36101772,4561772
Saffron,2024-12-31,,,,,0.0869,22005895,4698626
Saffron,2025-03-31,Series E,3476901582,847186139,0,0.0657,,
Saffron,2025-06-30,,,,,0.0657,746541623,36043886
Saffron,2025-09-30,,,,,0.0657,635166015,37125203
Saffron,2025-12-31,,,,,0.0657,520449138,38238959
Saffron & Co,2019-06-30,Seed,17217379,3898341,975858,0.0567,,
Saffron & Co,2019-09-30,,,,,0.0567,3037681,286887
Saffron & Co,2019-12-31,,,,,0.0567,2151201,295493
Saffron & Co,2020-03-31,,,,,0.0567,1238126,304358
Saffron & Co,2020-06-30,,,,,0.0567,297660,313489
Saffron Home,2021-06-30,Series A,38030023,10625389,8500312,0.2235,,
Saffron Home,2021-09-30,,,,,0.2235,9314209,437060
Saffron Home,2021-12-31,,,,,0.2235,7963694,450172
Saffron Home,2022-03-31,,,,,0.2235,6572663,463677
Saffron Home,2022-06-30,,,,,0.2235,5139901,477587
Saffron Home,2022-09-30,,,,,0.2235,3664156,491915
Saffron Home,2022-12-31,,,,,0.2235,2144139,506672
Saffron Home,2023-03-31,,,,,0.2235,578522,521873
Saffron Home,2023-06-30,,,,,0.2235,0,537529
Saffron Kids,2022-12-31,Series B,128490164,32273150,10901988,0.0848,,
Saffron Kids,2023-03-31,,,,,0.0848,29229117,1014678
Saffron Kids,2023-06-30,,,,,0.0848,26093764,1045118
Saffron Kids,2023-09-30,,,,,0.0848,22864349,1076471
Saffron Kids,2023-12-31,,,,,0.0848,19538053,1108766
Saffron Kids,2024-03-31,,,,,0.0848,16111967,1142029
Saffron Kids,2024-06-30,,,,,0.0848,12583099,1176289
Saffron Kids,2024-09-30,,,,,0.0848,8948365,1211578
Saffron Kids,2024-12-31,,,,,0.0848,5204589,1247925
Saffron Kids,2025-03-31,Series C (down round),79821376,13040262,0,0.071,,
Saffron Kids,2025-06-30,,,,,0.071,11320443,1022773
Saffron Kids,2025-09-30,,,,,0.071,8160075,1053456
Saffron Kids,2025-12-31,,,,,0.071,4904896,1085060
Solace Materials,2017-09-30,Seed,11531513,2597994,1099159,0.0953,,
Solace Materials,2017-12-31,,,,,0.0953,2253311,114894
Solace Materials,2018-03-31,,,,,0.0953,1898288,118341
Solace Materials,2018-06-30,,,,,0.0953,1532615,121891
Solace Materials,2018-09-30,,,,,0.0953,1155971,125548
Solace Materials,2018-12-31,Series A,36010680,6319081,602321,0.0953,,
Solace Materials,2019-03-31,,,,,0.0953,6119287,322607
Solace Materials,2019-06-30,,,,,0.0953,5122430,332286
Solace Materials,2019-09-30,,,,,0.0953,4095667,342254
Solace Materials,2019-12-31,,,,,0.0953,3038101,352522
Solace Materials,2020-03-31,Series B,44442470,7513656,0,0.0792,,
Solace Materials,2020-06-30,,,,,0.0792,8182937,426509
Solace Materials,2020-09-30,,,,,0.0792,6865023,439305
Solace Materials,2020-12-31,,,,,0.0792,5507572,452484
Solace Materials,2021-03-31,,,,,0.0792,4109397,466058
Solace Materials,2021-06-30,,,,,0.0792,2669277,480040
Solace Materials,2021-09-30,,,,,0.0792,1185953,494441
Solace Materials,2021-12-31,,,,,0.0792,0,509274
Solace Power,2024-03-31,Series A,57188381,14276187,11208856,0.196,,
Stackwise Labs,2022-06-30,Series A,45682103,13298753,10639003,0.2329,,
Stackwise Labs,2022-09-30,,,,,0.2329,11862787,478656
Stackwise Labs,2022-12-31,,,,,0.2329,10383741,493015
Stackwise Labs,2023-03-31,,,,,0.2329,8860324,507806
Stackwise Labs,2023-06-30,,,,,0.2329,7291205,523040
Stackwise Labs,2023-09-30,,,,,0.2329,5675012,538731
Stackwise Labs,2023-12-31,Series B,92423011,21194026,4935922,0.2329,,
Stackwise Labs,2024-03-31,,,,,0.2329,22420656,927901
Stackwise Labs,2024-06-30,,,,,0.2329,19553443,955738
Stackwise Labs,2024-09-30,,,,,0.2329,16600213,984410
Stackwise Labs,2024-12-31,,,,,0.2329,13558386,1013942
Stackwise Labs,2025-03-31,,,,,0.2329,10425304,1044361
Stackwise Labs,2025-06-30,Series C,425561512,101275734,23586323,0.2329,,
Stackwise Labs,2025-09-30,,,,,0.2329,91431020,5680981
Stackwise Labs,2025-12-31,,,,,0.2329,73876789,5851411
Tally Finance,2016-06-30,Series B,165344176,35449925,10820691,0.0654,,
Tally Finance,2016-09-30,,,,,0.0654,28094340,2451862
Tally Finance,2016-12-31,,,,,0.0654,20518087,2525418
Tally Finance,2017-03-31,,,,,0.0654,12714546,2601180
Tally Finance,2017-06-30,,,,,0.0654,4676900,2679216
Tally Money,2018-06-30,Series B,162647844,31717754,6816549,0.0419,,
Tally Money,2018-09-30,,,,,0.0419,28920708,932349
Tally Money,2018-12-31,,,,,0.0419,26039750,960319
Tally Money,2019-03-31,,,,,0.0419,23072364,989129
Tally Money,2019-06-30,,,,,0.0419,20015956,1018803
Tally Money,2019-09-30,,,,,0.0419,16867855,1049367
Tally Money,2019-12-31,,,,,0.0419,13625312,1080848
Tally Money,2020-03-31,,,,,0.0419,10285493,1113273
Tally Money,2020-06-30,Series C (down round),108936736,20710574,0,0.0339,,
Tally Money,2020-09-30,,,,,0.0339,26029604,508816
Tally Money,2020-12-31,,,,,0.0339,24457361,524081
Tally Money,2021-03-31,,,,,0.0339,22837951,539803
Tally Money,2021-06-30,,,,,0.0339,21169959,555997
Tally Money,2021-09-30,,,,,0.0339,19451928,572677
Tally Money,2021-12-31,,,,,0.0339,17682355,589858
Tally Money,2022-03-31,,,,,0.0339,15859695,607553
Tally Money,2022-06-30,,,,,0.0339,13982355,625780
Tally Money,2022-09-30,,,,,0.0339,12048695,644553
Tally Pay,2015-03-31,Series A,44480453,8521377,6817102,0.1533,,
Tally Pay,2015-06-30,,,,,0.1533,7282588,412930
Tally Pay,2015-09-30,,,,,0.1533,6006636,425318
Tally Pay,2015-12-31,,,,,0.1533,4692405,438077
Tally Pay,2016-03-31,,,,,0.1533,3338746,451219
Tally Pay,2016-06-30,,,,,0.1533,1944478,464756
Tally Pay,2016-09-30,,,,,0.1533,508382,478699
Terra Power,2022-03-31,Series A,65039492,19790098,15832078,0.2434,,
Terra Power,2022-06-30,,,,,0.2434,17766564,674511
Terra Power,2022-09-30,,,,,0.2434,15682324,694747
Terra Power,2022-12-31,,,,,0.2434,13535557,715589
Terra Power,2023-03-31,,,,,0.2434,11324388,737057
Terra Power,2023-06-30,,,,,0.2434,9046883,759168
Terra Power,2023-09-30,,,,,0.2434,6701052,781943
Terra Power,2023-12-31,,,,,0.2434,4284847,805402
Terra Power,2024-03-31,,,,,0.2434,1796156,829564
Terra Power,2024-06-30,,,,,0.2434,0,854451
Terra Systems,2019-03-31,Series A,34020450,6822557,2790954,0.082,,
Terra Systems,2019-06-30,,,,,0.082,6104721,239279
Terra Systems,2019-09-30,,,,,0.082,5365350,246457
Terra Systems,2019-12-31,,,,,0.082,4603798,253851
Terra Systems,2020-03-31,,,,,0.082,3819399,261466
Terra Systems,2020-06-30,,,,,0.082,3011468,269310
Terra Systems,2020-09-30,,,,,0.082,2179300,277390
Terra Systems,2020-12-31,Series B,67390822,10343781,848578,0.082,,
Terra Systems,2021-03-31,,,,,0.082,9762269,634559
Terra Systems,2021-06-30,,,,,0.082,7801481,653596
Terra Systems,2021-09-30,,,,,0.082,5781868,673204
Terra Systems,2021-12-31,,,,,0.082,3701668,693400
Terra Systems,2022-03-31,Series C,206894987,40981154,3361992,0.082,,
Terra Systems,2022-06-30,,,,,0.082,33208249,3110655
Terra Systems,2022-09-30,,,,,0.082,23596324,3203975
Terra Systems,2022-12-31,,,,,0.082,13696041,3300094
Terra Systems,2023-03-31,,,,,0.082,3498749,3399097
Tidewell Health,2016-09-30,Seed,19119471,4228917,1282105,0.0671,,
Tidewell Health,2016-12-31,,,,,0.0671,3661740,189059
Tidewell Health,2017-03-31,,,,,0.0671,3077549,194731
Tidewell Health,2017-06-30,,,,,0.0671,2475832,200572
Tidewell Health,2017-09-30,,,,,0.0671,1856063,206590
Tidewell Health,2017-12-31,,,,,0.0671,1217701,212787
Tidewell Health,2018-03-31,Series A,49694026,9264270,621239,0.0671,,
Tidewell Health,2018-06-30,,,,,0.0671,8981116,281114
Tidewell Health,2018-09-30,,,,,0.0671,8112474,289547
Tidewell Health,2018-12-31,,,,,0.0671,7217773,298234
Tidewell Health,2019-03-31,,,,,0.0671,6296231,307181
Tidewell Health,2019-06-30,,,,,0.0671,5347042,316396
Tidewell Health,2019-09-30,,,,,0.0671,4369378,325888
Tidewell Health,2019-12-31,,,,,0.0671,3362384,335665
Tidewell Health,2020-03-31,Series B,62065098,13340537,0,0.0526,,
Tidewell Health,2020-06-30,,,,,0.0526,14324666,447017
Tidewell Health,2020-09-30,,,,,0.0526,12943382,460428
Tidewell Health,2020-12-31,,,,,0.0526,11520660,474241
Tidewell Health,2021-03-31,,,,,0.0526,10055257,488468
Tidewell Health,2021-06-30,,,,,0.0526,8545891,503122
Tinker & Co,2014-09-30,Seed,18008046,3581344,1875446,0.1041,,
Tinker & Co,2014-12-31,,,,,0.1041,3035073,182090
Tinker & Co,2015-03-31,,,,,0.1041,2472414,187553
Tinker & Co,2015-06-30,,,,,0.1041,1892875,193180
Tinker & Co,2015-09-30,,,,,0.1041,1295949,198975
Tinker & Co,2015-12-31,,,,,0.1041,681116,204944
Tinker & Co,2016-03-31,,,,,0.1041,47838,211093
Tinker Home,2017-06-30,Seed,18709812,3558476,1265366,0.0676,,
Tinker Home,2017-09-30,,,,,0.0676,3140219,139419
Tinker Home,2017-12-31,,,,,0.0676,2709414,143602
Tinker Home,2018-03-31,,,,,0.0676,2265685,147910
Tinker Home,2018-06-30,,,,,0.0676,1808644,152347
Tinker Home,2018-09-30,,,,,0.0676,1337892,156917
Tinker Home,2018-12-31,,,,,0.0676,853017,161625
Tinker Home,2019-03-31,,,,,0.0676,353596,166474
Tinker Home,2019-06-30,,,,,0.0676,0,171468
Verdant Materials,2020-03-31,Series B,226856066,41029128,11344119,0.05,,
Verdant Materials,2020-06-30,,,,,0.05,37715810,1104439
Verdant Materials,2020-09-30,,,,,0.05,34303093,1137572
Verdant Materials,2020-12-31,,,,,0.05,30787994,1171700
Verdant Materials,2021-03-31,,,,,0.05,27167442,1206851
Verdant Materials,2021-06-30,,,,,0.05,23438273,1243056
Verdant Materials,2021-09-30,,,,,0.05,19597230,1280348
Verdant Materials,2021-12-31,,,,,0.05,15640955,1318758
Verdant Materials,2022-03-31,Series C,327263209,64432868,0,0.0402,,
Verdant Materials,2022-06-30,,,,,0.0402,63278616,4240081
Verdant Materials,2022-09-30,,,,,0.0402,50176765,4367284
Verdant Materials,2022-12-31,,,,,0.0402,36681859,4498302
Verdant Materials,2023-03-31,,,,,0.0402,22782105,4633251
Verdant Materials,2023-06-30,,,,,0.0402,8465359,4772249
Verdant Systems,2014-09-30,Seed,11651893,2680118,1055943,0.0906,,
Verdant Systems,2014-12-31,,,,,0.0906,2399062,93685
Verdant Systems,2015-03-31,,,,,0.0906,2109574,96496
Verdant Systems,2015-06-30,,,,,0.0906,1811402,99391
Verdant Systems,2015-09-30,,,,,0.0906,1504284,102373
Verdant Systems,2015-12-31,,,,,0.0906,1187953,105444
Verdant Systems,2016-03-31,,,,,0.0906,862132,108607
Verdant Systems,2016-06-30,,,,,0.0906,526536,111865
Verdant Systems,2016-09-30,,,,,0.0906,180873,115221
Verdant Systems,2016-12-31,,,,,0.0906,0,118678
Windward Power,2023-03-31,Series B,212593540,59414934,20392968,0.0959,,
Windward Power,2023-06-30,,,,,0.0959,52813446,2200496
Windward Power,2023-09-30,,,,,0.0959,46013913,2266511
Windward Power,2023-12-31,,,,,0.0959,39010394,2334506
Windward Power,2024-03-31,,,,,0.0959,31796770,2404541
Windward Power,2024-06-30,,,,,0.0959,24366736,2476678
Windward Power,2024-09-30,,,,,0.0959,16713802,2550978
Windward Power,2024-12-31,,,,,0.0959,8831280,2627507
Windward Power,2025-03-31,,,,,0.0959,712282,2706333
Windward Power,2025-06-30,,,,,0.0959,0,2787523
Wren & Co,2019-03-31,Series A,41670146,8990150,3817498,0.0916,,
Wren & Co,2019-06-30,,,,,0.0916,8110879,293091
Wren & Co,2019-09-30,,,,,0.0916,7205229,301883
Wren & Co,2019-12-31,,,,,0.0916,6272410,310940
Wren & Co,2020-03-31,,,,,0.0916,5311606,320268
Wren & Co,2020-06-30,,,,,0.0916,4321978,329876
Wren & Co,2020-09-30,,,,,0.0916,3302662,339772
Wren & Co,2020-12-31,,,,,0.0916,2252765,349965
Wren & Co,2021-03-31,Series B,82006259,12959500,1187250,0.0916,,
Wren & Co,2021-06-30,,,,,0.0916,11995665,711736
Wren & Co,2021-09-30,,,,,0.0916,9796400,733088
Wren & Co,2021-12-31,,,,,0.0916,7531158,755081
Wren & Co,2022-03-31,,,,,0.0916,5197959,777733
Wren & Co,2022-06-30,Series C,179805097,37415339,3427705,0.0916,,
Wren & Co,2022-09-30,,,,,0.0916,36745849,1154751
Wren & Co,2022-12-31,,,,,0.0916,33177669,1189393
Wren & Co,2023-03-31,,,,,0.0916,29502443,1225075
Wren & Co,2023-06-30,,,,,0.0916,25716960,1261828
Wren & Co,2023-09-30,,,,,0.0916,21817913,1299682
Wren & Co,2023-12-31,,,,,0.0916,17801894,1338673
Wren & Co,2024-03-31,,,,,0.0916,13665395,1378833
Wren & Co,2024-06-30,Series D,445242927,99381099,0,0.0712,,
Wren & Co,2024-09-30,,,,,0.0712,95249254,4512215
Wren & Co,2024-12-31,,,,,0.0712,81306508,4647582
Wren & Co,2025-03-31,,,,,0.0712,66945480,4787009
Wren & Co,2025-06-30,,,,,0.0712,52153621,4930620
Wren & Co,2025-09-30,,,,,0.0712,36918007,5078538
Wren & Co,2025-12-31,,,,,0.0712,21225323,5230894
