company,fund,sector,country,deal_type,entry_date,exit_date,invested,realized,unrealized,revenue_entry,revenue_exit,ebitda_entry,ebitda_exit,tev_entry,tev_exit,net_debt_entry,net_debt_exit,ownership_entry,ownership_exit,founded,pre_investment,milestones,deal_lead
Atlas Precision,Northbrook Harbor Fund I,Industrials,United States,Buyout,2014-03-31,2018-12-31,53.3,21.6,0.0,69.6,97.0,14.6,16.2,193.9,114.8,102.0,77.5,0.58,0.58,1988,"Family-owned maker of aerospace fasteners in Ohio, ~$70M revenue, single plant, founder seeking succession.",2014-12: Hired first outside CEO | 2015-12: Opened second plant in Texas | 2017-06: Lost largest customer contract; restructured cost base,Margaret Ellison
Brightwater Health,Northbrook Harbor Fund I,Health Care,United States,Growth Equity,2014-09-30,2019-09-30,44.7,107.8,0.0,63.1,89.4,10.7,17.0,134.4,218.6,58.6,35.8,0.59,0.59,2009,"Regional home-health provider in five states, growing ~20% a year, founder-led with minority angel investors.",2015-09: Entered three new states | 2017-03: Launched value-based care contracts with two payers | 2019-03: Recapitalised; firm took partial liquidity,David Okafor
Cinder Analytics,Northbrook Harbor Fund I,Information Technology,United States,Growth Equity,2014-12-31,2021-09-30,69.5,104.1,0.0,149.9,178.2,36.6,39.5,396.6,357.1,231.9,110.3,0.422,0.422,2011,"Hospital revenue-cycle analytics software, ~200 customers, break-even, seed and Series A backed.",2015-12: Moved product to subscription pricing | 2017-03: Acquired a coding-audit tool | 2018-12: Crossed 600 hospital customers,Sarah Lindqvist
Dovetail Foods,Northbrook Harbor Fund I,Consumer Discretionary,Canada,Buyout,2015-09-30,2020-12-31,40.8,122.3,0.0,120.9,109.8,16.8,15.7,177.8,276.1,98.1,37.0,0.511,0.511,1972,"Private-label snack maker supplying grocers in the Northeast, flat sales, underinvested plants.",2016-06: New CEO from a national food brand | 2017-09: Automated two packaging lines | 2019-09: Won national grocery private-label contract,James Whitaker
Everline Insurance,Northbrook Harbor Fund I,Financials,Germany,Carve-out,2015-12-31,2023-03-31,63.8,150.9,0.0,143.2,203.3,27.6,43.9,351.0,422.4,206.7,81.1,0.442,0.442,1995,"Specialty commercial insurance brokerage unit of a larger carrier, no standalone systems.",2016-12: Completed separation from parent; new IT stack | 2018-06: Five bolt-on agency acquisitions | 2020-12: Reached $50M EBITDA,Sarah Lindqvist
Falcon Ridge Logistics,Northbrook Harbor Fund I,Industrials,United Kingdom,Buyout,2016-06-30,2023-09-30,55.4,166.9,0.0,101.1,147.7,27.3,36.1,281.1,485.5,146.8,80.9,0.413,0.413,2001,Asset-light freight brokerage focused on refrigerated loads in the Southeast.,2017-09: Launched digital load-matching platform | 2018-12: Added cross-border Mexico lane,Margaret Ellison
Granite Payroll,Northbrook Harbor Fund I,Business Services,United States,Carve-out,2016-12-31,2023-03-31,40.1,14.4,0.0,77.1,114.6,12.7,22.0,116.5,80.4,56.6,58.9,0.67,0.67,2004,"Payroll processing division for small businesses, carved out of a regional bank.",2017-12: Standalone brand launched | 2019-06: Migrated clients to cloud platform,Margaret Ellison
Harbor Dental Group,Northbrook Harbor Fund I,Health Care,Canada,Buyout,2017-03-31,2021-03-31,62.4,50.3,0.0,148.8,154.4,18.1,13.6,229.6,176.9,100.2,72.6,0.482,0.482,2008,Dental service organisation with 18 practices in Florida.,2018-03: Grew to 45 practices through acquisitions | 2020-03: Added orthodontics service line,David Okafor
Ironclad Controls,Northbrook Harbor Fund I,Industrials,United Kingdom,Buyout,2017-06-30,2024-09-30,39.1,182.0,0.0,93.0,256.1,22.2,67.4,239.0,575.6,137.3,101.8,0.384,0.384,1981,"Maker of industrial flow-control valves sold through distributors, founder retiring.",2018-09: Built direct sales team for OEM accounts | 2020-12: Acquired European valve maker | 2023-06: Opened plant in Mexico,Margaret Ellison
Juniper Software,Northbrook Harbor Fund I,Information Technology,United States,Growth Equity,2017-12-31,2023-12-31,58.8,137.9,0.0,77.7,61.2,11.9,6.3,111.0,167.5,49.1,22.4,0.95,0.95,2017,,2018-12: Launched first commercial product | 2020-06: Reached $10M ARR | 2022-06: Growth stalled; sold to strategic buyer below cost,Sarah Lindqvist
Keystone Pet Care,Northbrook Harbor Fund II,Consumer Discretionary,United States,Buyout,2017-06-30,2021-06-30,47.7,37.8,0.0,86.7,72.1,14.1,15.6,178.0,135.5,76.9,55.4,0.472,0.472,1999,Chain of 40 pet grooming and boarding locations in the Mid-Atlantic.,2018-06: Opened 15 new locations | 2020-12: Launched membership programme,James Whitaker
Lumen Diagnostics,Northbrook Harbor Fund II,Health Care,United States,Carve-out,2017-09-30,2024-09-30,55.7,23.6,0.0,93.0,141.6,16.6,30.3,155.1,91.0,86.0,61.7,0.806,0.806,1990,"Clinical lab testing unit of a diagnostics conglomerate, 12 labs.",2019-03: Standalone operation complete | 2020-06: COVID testing volumes lifted revenue 3x | 2022-09: Repositioned toward specialty oncology testing,David Okafor
Meridian Freight,Northbrook Harbor Fund II,Industrials,Canada,Buyout,2017-12-31,2025-12-31,65.4,189.3,0.0,105.2,73.3,21.3,13.5,219.3,424.5,89.0,47.3,0.502,0.502,1994,"Less-than-truckload carrier in the Midwest, 30 terminals.",2019-09: Terminal network rationalised to 24 | 2021-12: Fuel costs compressed margins,Margaret Ellison
Northwind Labs,Northbrook Harbor Fund II,Health Care,Canada,Buyout,2018-09-30,,80.4,44.4,133.2,128.4,226.0,20.1,46.4,190.3,313.8,83.9,78.7,0.756,0.756,2006,"Contract research organisation for early-stage biotech, ~$150M revenue.",2019-09: Added preclinical imaging capability | 2021-09: Won multi-year sponsor contract with top-10 pharma | 2024-09: Sold to strategic acquirer,David Okafor
Orchard Home Brands,Northbrook Harbor Fund II,Consumer Discretionary,United Kingdom,Buyout,2018-09-30,,99.1,0.0,49.1,252.7,291.4,49.7,68.3,466.4,370.2,260.1,268.0,0.481,0.481,1985,Home fragrance and candle brand sold mainly through department stores.,2019-09: Shifted mix to direct-to-consumer online | 2021-03: Entered mass retail with a second brand | 2024-03: Sold to consumer products company,James Whitaker
Pinecrest Staffing,Northbrook Harbor Fund II,Business Services,United States,Take-private,2018-12-31,,78.6,16.1,48.3,115.7,261.6,30.6,84.4,383.9,313.0,164.8,133.5,0.359,0.359,1998,Publicly listed light-industrial staffing firm trading below book value.,,Margaret Ellison
Quarry Materials,Northbrook Harbor Fund II,Industrials,Canada,Take-private,2019-06-30,2022-12-31,71.1,28.7,0.0,204.8,200.8,38.8,33.5,498.8,244.0,281.9,156.5,0.328,0.328,1964,Listed aggregates and ready-mix producer with 22 quarries in the Mountain West.,2020-09: Acquired four quarries from a competitor | 2022-12: Raised prices on infrastructure-bill demand,Margaret Ellison
Redwood Clinics,Northbrook Harbor Fund II,Health Care,United States,Take-private,2019-12-31,,50.3,31.4,94.1,127.4,179.2,33.6,54.6,396.7,648.1,223.4,215.5,0.29,0.29,2003,"Listed urgent-care operator, 60 clinics, under activist pressure.",2021-06: Closed 12 underperforming clinics | 2023-12: Partial sale of Arizona clinics returned capital,David Okafor
Summit Data,Northbrook Harbor Fund II,Information Technology,United States,Buyout,2020-03-31,,71.9,0.0,66.9,105.7,85.1,15.1,14.3,174.8,147.2,74.1,53.5,0.714,0.714,2012,,2022-03: Migrated customers to new data platform,Sarah Lindqvist
Tidewater Marine,Northbrook Harbor Fund II,Industrials,United States,Carve-out,2020-06-30,2025-03-31,100.4,140.5,0.0,260.0,487.8,52.3,97.5,591.7,625.3,326.6,254.4,0.379,0.379,1979,,,Margaret Ellison
Upland Outdoors,Northbrook Harbor Fund II,Consumer Discretionary,United Kingdom,Buyout,2020-12-31,,71.5,56.4,169.1,207.0,211.7,48.0,51.5,618.3,1170.2,363.9,367.6,0.281,0.281,2002,Outdoor apparel brand with 30 stores and wholesale to specialty retailers.,2021-09: Pandemic demand doubled online sales | 2023-06: Opened 12 stores | 2024-12: Dividend recap returned part of capital,James Whitaker
Vantage Payments,Northbrook Harbor Fund III,Financials,United Kingdom,Growth Equity,2021-06-30,2025-09-30,105.2,222.8,0.0,309.5,384.4,48.0,82.3,636.8,986.6,305.4,284.9,0.317,0.317,2016,"Payments processor for independent medical practices, ~$40M revenue.",2022-06: Launched patient financing product | 2024-06: Processed $5B annual volume | 2025-09: Sold to a larger payments company,Sarah Lindqvist
Westbrook Fluid Systems,Northbrook Harbor Fund III,Industrials,United States,Growth Equity,2021-12-31,,143.9,0.0,271.4,255.2,301.4,60.1,56.5,516.8,630.5,264.0,153.7,0.569,0.569,2010,Designer of water-treatment skids for municipal utilities.,2023-06: Won first federal infrastructure contract,Margaret Ellison
Yardline Sports,Northbrook Harbor Fund III,Consumer Discretionary,United States,Buyout,2022-03-31,,99.3,0.0,127.0,137.9,141.4,22.4,17.9,194.9,192.0,90.4,58.3,0.95,0.95,2005,Operator of 25 youth sports facilities in Texas and Oklahoma.,2023-03: Opened six facilities | 2024-09: Launched tournament events business,James Whitaker
Zephyr Cloud,Northbrook Harbor Fund III,Information Technology,United States,Take-private,2022-12-31,,119.6,0.0,363.8,266.4,349.3,61.8,79.9,553.1,1081.4,227.6,91.2,0.367,0.367,2009,Listed cloud backup software company with slowing growth.,2023-09: Cut 15% of workforce | 2024-12: Launched ransomware protection add-on,Priya Raman
Alder Specialty Chem,Northbrook Harbor Fund III,Industrials,United States,Growth Equity,2023-03-31,,99.4,0.0,383.9,131.2,156.5,33.9,48.5,364.6,841.0,170.6,91.7,0.512,0.512,1997,"Maker of specialty coatings additives, family-owned, growing into EV battery market.",2024-03: Opened pilot plant for battery materials,Margaret Ellison
Beacon Vet,Northbrook Harbor Fund III,Health Care,United States,Take-private,2023-06-30,,171.4,0.0,222.4,267.9,275.3,45.5,48.2,456.4,384.9,251.9,119.5,0.838,0.838,2012,"Listed veterinary hospital group, 80 hospitals.",2024-09: Added 20 hospitals through acquisitions,Priya Raman
Copperleaf Security,Northbrook Harbor Fund III,Information Technology,United Kingdom,Growth Equity,2024-03-31,,185.2,0.0,96.7,390.8,421.3,108.1,125.9,1196.3,776.6,537.3,432.6,0.281,0.281,2023,,2024-12: First enterprise customer signed,Priya Raman
Driftwood Learning,Northbrook Harbor Fund III,Business Services,United States,Buyout,2024-06-30,,198.8,0.0,222.7,361.2,380.4,91.4,91.8,1100.4,808.0,580.1,225.1,0.382,0.382,2000,"Corporate compliance training provider with 1,200 enterprise clients.",,Margaret Ellison
Elmstone Testing,Northbrook Harbor Fund III,Industrials,United States,Buyout,2025-06-30,,109.2,0.0,107.1,261.8,281.6,47.4,58.3,522.5,326.4,310.5,118.5,0.515,0.515,1993,Materials testing and inspection labs serving construction and energy clients.,,Margaret Ellison
