manager,fund,vintage,fund_size,commitment,carry,currency
Northgate Capital,Northgate Seed III,2017,120000000,10000000,0.25,USD
Northgate Capital,Northgate Seed IV,2020,180000000,12000000,0.25,USD
Juniper Hill,Juniper Hill I,2019,75000000,5000000,0.2,USD
Harbor Light Ventures,Harbor Light II,2018,250000000,15000000,0.2,USD
Ridgeline Partners,Ridgeline V,2016,400000000,20000000,0.2,USD
Ridgeline Partners,Ridgeline VI,2019,550000000,25000000,0.2,USD
Cobalt Street,Cobalt Street IV,2018,600000000,30000000,0.2,USD
Tessera Ventures,Tessera II,2021,350000000,20000000,0.2,USD
Meridian Growth,Meridian Growth II,2019,1200000000,40000000,0.25,USD
Summit Arc Capital,Summit Arc III,2020,2000000000,50000000,0.2,USD
