manager,fund,company,sector,security,round,investment_date,shares,cost,price_paid,fair_value,mark_per_share,as_of,company_fd_shares,ownership
Harbor Light Ventures,Harbor Light II,Axon Labs,AI Infrastructure,Seed Preferred,Seed,2020-09-15,1801152,1880909,1.0443,40755884,22.6277,2026-06-30,26608856,0.06769
Tessera Ventures,Tessera II,Axon Labs,AI Infrastructure,Series A Preferred,Series A,2021-09-15,2179163,5765803,2.6459,44028449,20.2043,2026-06-30,26608856,0.0819
Tessera Ventures,Tessera II,Axon Labs,AI Infrastructure,Series B Preferred,Series B,2023-09-15,345934,2107701,6.0928,6989352,20.2043,2026-06-30,26608856,0.013
Harbor Light Ventures,Harbor Light II,Axon Labs,AI Infrastructure,Series C Preferred,Series C,2025-05-15,312401,6382168,20.4294,7068909,22.6277,2026-06-30,26608856,0.01174
Tessera Ventures,Tessera II,Axon Labs,AI Infrastructure,Series C Preferred,Series C,2025-05-15,198255,4050233,20.4294,4005602,20.2043,2026-06-30,26608856,0.00745
Ridgeline Partners,Ridgeline VI,Beacon HQ,Enterprise Software,Series A Preferred,Series A,2021-06-15,1996671,2931481,1.4682,47599316,23.8393,2026-06-30,32314552,0.06179
Ridgeline Partners,Ridgeline VI,Beacon HQ,Enterprise Software,Series B Preferred,Series B,2022-12-15,257952,286807,1.1119,6149405,23.8393,2026-06-30,32314552,0.00798
Ridgeline Partners,Ridgeline VI,Beacon HQ,Enterprise Software,Series D Preferred,Series D,2025-10-15,362653,8496445,23.4286,8645408,23.8393,2026-06-30,32314552,0.01122
Ridgeline Partners,Ridgeline VI,Brightdesk HQ,Enterprise Software,Series B Preferred,Series B,2021-11-15,1172378,5235150,4.4654,74380344,63.444,2026-06-30,30895586,0.03795
Summit Arc Capital,Summit Arc III,Brightdesk HQ,Enterprise Software,Series C Preferred,Series C,2023-04-15,,26753550,,68141464,,2026-06-30,,0.03539
Ridgeline Partners,Ridgeline VI,Brightdesk HQ,Enterprise Software,Series D Preferred,Series D,2025-10-15,180225,12627632,70.0659,11434194,63.444,2026-06-30,30895586,0.00583
Summit Arc Capital,Summit Arc III,Brightdesk HQ,Enterprise Software,Series D Preferred,Series D,2025-10-15,,22885355,,20356774,,2026-06-30,,0.01057
Northgate Capital,Northgate Seed III,Cadence Finance,Fintech,Seed Preferred,Seed,2017-03-15,1280702,1688070,1.3181,10110628,7.8946,2026-06-30,21052343,0.06083
Ridgeline Partners,Ridgeline VI,Cadence Finance,Fintech,Series B Preferred,Series B,2019-12-15,1855403,14859598,8.0088,9908756,5.3405,2026-06-30,21052343,0.08813
Northgate Capital,Northgate Seed III,Cadence Finance,Fintech,Series B Preferred,Series B,2019-12-15,324047,2595236,8.0088,2558221,7.8946,2026-06-30,21052343,0.01539
Juniper Hill,Juniper Hill I,Cadence Money,Fintech,Seed Preferred,Seed,2022-09-15,1282429,1894118,1.477,9196325,7.171,2026-03-31,20923332,0.06129
Northgate Capital,Northgate Seed IV,Cadence Money,Fintech,Seed Preferred,Seed,2022-09-15,295238,436060,1.477,2071278,7.0156,2026-06-30,20923332,0.01411
Juniper Hill,Juniper Hill I,Cadence Money,Fintech,Series A Preferred,Series A,2024-03-15,283126,582120,2.056,2030303,7.171,2026-03-31,20923332,0.01353
Northgate Capital,Northgate Seed IV,Cadence Money,Fintech,Series A Preferred,Series A,2024-03-15,292079,600528,2.056,2049115,7.0156,2026-06-30,20923332,0.01396
Tessera Ventures,Tessera II,Cadence Money,Fintech,Series B Preferred,Series B,2025-09-15,1314885,9230969,7.0204,8999994,6.8447,2026-06-30,20923332,0.06284
Juniper Hill,Juniper Hill I,Carbonline Systems,Climate,Seed Preferred,Seed,2020-06-15,964478,1452376,1.5059,4263963,4.421,2026-03-31,20889481,0.04617
Harbor Light Ventures,Harbor Light II,Carbonline Systems,Climate,Series A Preferred,Series A,2022-07-15,1403104,1650534,1.1763,6140267,4.3762,2026-06-30,20889481,0.06717
Juniper Hill,Juniper Hill I,Carbonline Systems,Climate,Series A Preferred,Series A,2022-07-15,113038,132972,1.1763,499742,4.421,2026-03-31,20889481,0.00541
Harbor Light Ventures,Harbor Light II,Carbonline Systems,Climate,Series B Preferred,Series B,2025-01-15,225755,972950,4.3098,987950,4.3762,2026-06-30,20889481,0.01081
Harbor Light Ventures,Harbor Light II,Clearpath Software,Enterprise Software,Series A Preferred,Series A,2022-01-15,1608660,2830389,1.7595,1576234,0.9798,2026-06-30,16473894,0.09765
Harbor Light Ventures,Harbor Light II,Cobble,Consumer,Series A Preferred,Series A,2019-02-15,1559024,4580356,2.938,0,0.0,2026-06-30,31031170,0.05024
Ridgeline Partners,Ridgeline VI,Cobble,Consumer,Series A Preferred,Series A,2019-02-15,190758,560440,2.938,0,0.0,2026-06-30,31031170,0.00615
Northgate Capital,Northgate Seed III,Cobble,Consumer,Series A Preferred,Series A,2019-02-15,336462,988513,2.938,0,0.0,2026-06-30,31031170,0.01084
Meridian Growth,Meridian Growth II,Cobble,Consumer,Series B Preferred,Series B,2021-04-15,1190940,5835245,4.8997,0,0.0,2026-06-30,31031170,0.03838
Tessera Ventures,Tessera II,Cobble,Consumer,Series B Preferred,Series B,2021-04-15,282442,1383880,4.8997,0,0.0,2026-06-30,31031170,0.0091
Harbor Light Ventures,Harbor Light II,Cobble,Consumer,Series B Preferred,Series B,2021-04-15,156594,767263,4.8997,0,0.0,2026-06-30,31031170,0.00505
Ridgeline Partners,Ridgeline VI,Cobble,Consumer,Series B Preferred,Series B,2021-04-15,315072,1543757,4.8997,0,0.0,2026-06-30,31031170,0.01015
Northgate Capital,Northgate Seed III,Cobble,Consumer,Series B Preferred,Series B,2021-04-15,116342,570040,4.8997,0,0.0,2026-06-30,31031170,0.00375
Ridgeline Partners,Ridgeline VI,Cobble,Consumer,Series C Preferred,Series C,2022-11-15,216163,3245493,15.0141,0,0.0,2026-06-30,31031170,0.00697
Northgate Capital,Northgate Seed III,Cobble,Consumer,Series C Preferred,Series C,2022-11-15,185005,2777683,15.0141,0,0.0,2026-06-30,31031170,0.00596
Summit Arc Capital,Summit Arc III,Cobble,Consumer,Series D Preferred,Series D,2024-10-15,,32053384,,0,,2026-06-30,,0.03078
Harbor Light Ventures,Harbor Light II,Cobble,Consumer,Series D Preferred,Series D,2024-10-15,154515,5184713,33.5548,0,0.0,2026-06-30,31031170,0.00498
Ridgeline Partners,Ridgeline VI,Cobble,Consumer,Series D Preferred,Series D,2024-10-15,251112,8426002,33.5548,0,0.0,2026-06-30,31031170,0.00809
Meridian Growth,Meridian Growth II,Cobble,Consumer,Series D Preferred,Series D,2024-10-15,107469,3606096,33.5548,0,0.0,2026-06-30,31031170,0.00346
Tessera Ventures,Tessera II,Cobble,Consumer,Series D Preferred,Series D,2024-10-15,270385,9072703,33.5548,0,0.0,2026-06-30,31031170,0.00871
Juniper Hill,Juniper Hill I,Cobble Home,Consumer,Seed Preferred,Seed,2019-06-15,1244278,1196766,0.9618,4282543,3.4418,2026-03-31,22130165,0.05623
Ridgeline Partners,Ridgeline VI,Cobble Home,Consumer,Series A Preferred,Series A,2020-11-15,1748634,2693202,1.5402,5905389,3.3771,2026-06-30,22130165,0.07902
Juniper Hill,Juniper Hill I,Cobble Home,Consumer,Series B Preferred,Series B,2022-01-15,266708,2404818,9.0167,917953,3.4418,2026-03-31,22130165,0.01205
Cobalt Street,Cobalt Street IV,Coinwise Money,Fintech,Series A Preferred,Series A,2019-11-15,1909066,1865910,0.9774,53950002,28.2599,2026-06-30,29850528,0.06395
Cobalt Street,Cobalt Street IV,Coinwise Money,Fintech,Series D Preferred,Series D,2025-11-15,144474,3979351,27.5437,4082820,28.2599,2026-06-30,29850528,0.00484
Harbor Light Ventures,Harbor Light II,Cortex AI,AI Infrastructure,Series A Preferred,Series A,2018-12-15,1910671,2190638,1.1465,695716,0.3641,2026-06-30,17858914,0.10699
Northgate Capital,Northgate Seed IV,Cortex Compute,AI Infrastructure,Seed Preferred,Seed,2021-06-15,2064351,2189027,1.0604,41355316,20.0331,2026-06-30,26731252,0.07723
Harbor Light Ventures,Harbor Light II,Cortex Labs,AI Infrastructure,Seed Preferred,Seed,2019-12-15,1636051,1390316,0.8498,34896727,21.3299,2026-06-30,27119281,0.06033
Ridgeline Partners,Ridgeline VI,Cortex Labs,AI Infrastructure,Series A Preferred,Series A,2021-04-15,2334050,1489213,0.638,49291592,21.1185,2026-06-30,27119281,0.08607
Northgate Capital,Northgate Seed IV,Cortex Labs,AI Infrastructure,Series A Preferred,Series A,2021-04-15,242550,154756,0.638,6289436,25.9305,2026-06-30,27119281,0.00894
Cobalt Street,Cobalt Street IV,Cortex Labs,AI Infrastructure,Series B Preferred,Series B,2022-08-15,1234994,4771338,3.8634,31216763,25.2769,2026-06-30,27119281,0.04554
Harbor Light Ventures,Harbor Light II,Cortex Labs,AI Infrastructure,Series B Preferred,Series B,2022-08-15,211064,815435,3.8634,4501964,21.3299,2026-06-30,27119281,0.00778
Northgate Capital,Northgate Seed IV,Cortex Labs,AI Infrastructure,Series B Preferred,Series B,2022-08-15,367987,1421699,3.8634,9542077,25.9305,2026-06-30,27119281,0.01357
Meridian Growth,Meridian Growth II,Cortex Labs,AI Infrastructure,Series C Preferred,Series C,2023-09-15,1297177,32903457,25.3654,24167202,18.6306,2026-06-30,27119281,0.04783
Ridgeline Partners,Ridgeline VI,Cortex Labs,AI Infrastructure,Series C Preferred,Series C,2023-09-15,155011,3931921,25.3654,3273597,21.1185,2026-06-30,27119281,0.00572
Cobalt Street,Cobalt Street IV,Cortex Labs,AI Infrastructure,Series C Preferred,Series C,2023-09-15,156765,3976412,25.3654,3962526,25.2769,2026-06-30,27119281,0.00578
Meridian Growth,Meridian Growth II,Forge Labs,Developer Tools,Series B Preferred,Series B,2022-05-15,1242247,7641301,6.1512,3869097,3.1146,2026-06-30,21408763,0.05803
Juniper Hill,Juniper Hill I,Glyph Data,Developer Tools,Seed Preferred,Seed,2020-06-15,1115652,2029738,1.8193,18287644,16.3919,2026-03-31,24207053,0.04609
Northgate Capital,Northgate Seed IV,Glyph Data,Developer Tools,Seed Preferred,Seed,2020-06-15,129444,235501,1.8193,2058095,15.8995,2026-06-30,24207053,0.00535
Ridgeline Partners,Ridgeline VI,Glyph Data,Developer Tools,Series A Preferred,Series A,2022-05-15,1402945,5490684,3.9137,25195523,17.959,2026-06-30,24207053,0.05796
Juniper Hill,Juniper Hill I,Glyph Data,Developer Tools,Series A Preferred,Series A,2022-05-15,175605,687263,3.9137,2878498,16.3919,2026-03-31,24207053,0.00725
Juniper Hill,Juniper Hill I,Glyph Data,Developer Tools,Series B Preferred,Series B,2024-09-15,155081,1668357,10.758,2542071,16.3919,2026-03-31,24207053,0.00641
Northgate Capital,Northgate Seed IV,Glyph Data,Developer Tools,Series B Preferred,Series B,2024-09-15,327115,3519094,10.758,5200966,15.8995,2026-06-30,24207053,0.01351
Ridgeline Partners,Ridgeline VI,Glyph Data,Developer Tools,Series B Preferred,Series B,2024-09-15,249118,2680004,10.758,4473916,17.959,2026-06-30,24207053,0.01029
Northgate Capital,Northgate Seed IV,Glyph Data,Developer Tools,Series C Preferred,Series C,2026-02-15,180572,2921042,16.1766,2871005,15.8995,2026-06-30,24207053,0.00746
Tessera Ventures,Tessera II,Glyph Dev,Developer Tools,Series A Preferred,Series A,2022-10-15,2126519,5904868,2.7768,3486293,1.6394,2026-06-30,22454092,0.09471
Tessera Ventures,Tessera II,Glyph Dev,Developer Tools,Series B Preferred,Series B,2024-09-15,381778,1569333,4.1106,625901,1.6394,2026-06-30,22454092,0.017
Cobalt Street,Cobalt Street IV,Gridwise Energy,Climate,Series A Preferred,Series A,2018-01-15,2008971,4056642,2.0193,9267510,4.6131,2026-06-30,27873566,0.07207
Harbor Light Ventures,Harbor Light II,Gridwise Power,Climate,Series A Preferred,Series A,2020-07-15,1972466,5932624,3.0077,80484516,40.804,2026-06-30,30689729,0.06427
Meridian Growth,Meridian Growth II,Gridwise Power,Climate,Series B Preferred,Series B,2021-07-15,1834962,8786162,4.7882,62505960,34.0639,2026-06-30,30689729,0.05979
Tessera Ventures,Tessera II,Gridwise Power,Climate,Series B Preferred,Series B,2021-07-15,762598,3651470,4.7882,34133442,44.7594,2026-06-30,30689729,0.02485
Harbor Light Ventures,Harbor Light II,Gridwise Power,Climate,Series B Preferred,Series B,2021-07-15,194887,933158,4.7882,7952170,40.804,2026-06-30,30689729,0.00635
Meridian Growth,Meridian Growth II,Gridwise Power,Climate,Series C Preferred,Series C,2024-01-15,296068,7513134,25.3764,10085230,34.0639,2026-06-30,30689729,0.00965
Harbor Light Ventures,Harbor Light II,Gridwise Power,Climate,Series D Preferred,Series D,2026-03-15,284167,12447603,43.8038,11595152,40.804,2026-06-30,30689729,0.00926
Cobalt Street,Cobalt Street IV,Gridwise Systems,Climate,Series B Preferred,Series B,2021-04-15,1728217,7378927,4.2697,5437820,3.1465,2026-06-30,24783388,0.06973
Cobalt Street,Cobalt Street IV,Gridwise Systems,Climate,Series C Preferred,Series C,2023-06-15,147826,1456829,9.855,465133,3.1465,2026-06-30,24783388,0.00596
Northgate Capital,Northgate Seed IV,Halcyon Health,Healthcare,Seed Preferred,Seed,2021-09-15,1068750,1700480,1.5911,9602036,8.9844,2026-06-30,20950721,0.05101
Northgate Capital,Northgate Seed IV,Halcyon Health,Healthcare,Series A Preferred,Series A,2023-01-15,190779,394337,2.067,1714027,8.9844,2026-06-30,20950721,0.00911
Northgate Capital,Northgate Seed IV,Halcyon Health,Healthcare,Series B Preferred,Series B,2025-07-15,214303,1967291,9.18,1925376,8.9844,2026-06-30,20950721,0.01023
Northgate Capital,Northgate Seed III,Kernel Data,Developer Tools,Seed Preferred,Seed,2019-03-15,948615,1370823,1.4451,924921,0.975,2026-06-30,16266724,0.05832
Northgate Capital,Northgate Seed III,Kernel Data,Developer Tools,Series A Preferred,Series A,2020-06-15,215996,483750,2.2396,210601,0.975,2026-06-30,16266724,0.01328
Harbor Light Ventures,Harbor Light II,Kernel Dev,Developer Tools,Seed Preferred,Seed,2019-06-15,1402376,1261413,0.8995,14020159,9.9974,2026-06-30,26768361,0.05239
Meridian Growth,Meridian Growth II,Kernel Dev,Developer Tools,Series B Preferred,Series B,2023-02-15,1364779,551550,0.4041,10163392,7.4469,2026-06-30,26768361,0.05098
Ridgeline Partners,Ridgeline VI,Kernel Dev,Developer Tools,Series B Preferred,Series B,2023-02-15,516521,208742,0.4041,5132264,9.9362,2026-06-30,26768361,0.0193
Meridian Growth,Meridian Growth II,Kernel Dev,Developer Tools,Series C Preferred,Series C,2024-02-15,292086,2616901,8.9594,2175139,7.4469,2026-06-30,26768361,0.01091
Northgate Capital,Northgate Seed IV,Keystone HQ,Enterprise Software,Series A Preferred,Series A,2023-04-15,1772503,3210892,1.8115,1517977,0.8564,2026-06-30,17047768,0.10397
Tessera Ventures,Tessera II,Keystone HQ,Enterprise Software,Series A Preferred,Series A,2023-04-15,385852,698972,1.8115,341835,0.8859,2026-06-30,17047768,0.02263
Harbor Light Ventures,Harbor Light II,Kinetic Bio,Healthcare,Seed Preferred,Seed,2020-06-15,1129078,1582354,1.4015,14599356,12.9303,2026-06-30,25402045,0.04445
Northgate Capital,Northgate Seed IV,Kinetic Bio,Healthcare,Seed Preferred,Seed,2020-06-15,260704,365365,1.4015,3818162,14.6456,2026-06-30,25402045,0.01026
Juniper Hill,Juniper Hill I,Kinetic Bio,Healthcare,Seed Preferred,Seed,2020-06-15,173826,243610,1.4015,2485976,14.3015,2026-03-31,25402045,0.00684
Harbor Light Ventures,Harbor Light II,Kinetic Bio,Healthcare,Series A Preferred,Series A,2022-10-15,175695,325279,1.8514,2271795,12.9303,2026-06-30,25402045,0.00692
Juniper Hill,Juniper Hill I,Kinetic Bio,Healthcare,Series A Preferred,Series A,2022-10-15,137157,253930,1.8514,1961554,14.3015,2026-03-31,25402045,0.0054
Harbor Light Ventures,Harbor Light II,Kinetic Bio,Healthcare,Series B Preferred,Series B,2024-08-15,116182,415587,3.577,1502272,12.9303,2026-06-30,25402045,0.00457
Juniper Hill,Juniper Hill I,Kinetic Bio,Healthcare,Series B Preferred,Series B,2024-08-15,238873,854457,3.577,3416248,14.3015,2026-03-31,25402045,0.0094
Harbor Light Ventures,Harbor Light II,Kinetic Bio,Healthcare,Series C Preferred,Series C,2026-03-15,351858,5160005,14.665,4549642,12.9303,2026-06-30,25402045,0.01385
Northgate Capital,Northgate Seed IV,Kinetic Bio,Healthcare,Series C Preferred,Series C,2026-03-15,229877,3371151,14.665,3366683,14.6456,2026-06-30,25402045,0.00905
Juniper Hill,Juniper Hill I,Kinetic Bio,Healthcare,Series C Preferred,Series C,2026-03-15,156195,2290603,14.665,2233826,14.3015,2026-03-31,25402045,0.00615
Ridgeline Partners,Ridgeline VI,Kiteline Finance,Fintech,Series A Preferred,Series A,2019-08-15,1900860,2849357,1.499,3096779,1.6291,2026-06-30,22366316,0.08499
Ridgeline Partners,Ridgeline VI,Kiteline Finance,Fintech,Series B Preferred,Series B,2021-03-15,260495,873184,3.352,424384,1.6291,2026-06-30,22366316,0.01165
Cobalt Street,Cobalt Street IV,Lattice Data,Developer Tools,Series A Preferred,Series A,2020-11-15,1849589,3968930,2.1458,0,0.0,2026-06-30,27892278,0.06631
Tessera Ventures,Tessera II,Lattice Data,Developer Tools,Series B Preferred,Series B,2022-07-15,1053743,1311820,1.2449,0,0.0,2026-06-30,27892278,0.03778
Meridian Growth,Meridian Growth II,Lattice Data,Developer Tools,Series B Preferred,Series B,2022-07-15,164955,205355,1.2449,0,0.0,2026-06-30,27892278,0.00591
Meridian Growth,Meridian Growth II,Lattice Data,Developer Tools,Series C Preferred,Series C,2023-09-15,156690,3377390,21.5546,0,0.0,2026-06-30,27892278,0.00562
Tessera Ventures,Tessera II,Lattice Data,Developer Tools,Series D Preferred,Series D,2025-04-15,160759,6012784,37.4025,0,0.0,2026-06-30,27892278,0.00576
Meridian Growth,Meridian Growth II,Lattice Data,Developer Tools,Series D Preferred,Series D,2025-04-15,205523,7687068,37.4025,0,0.0,2026-06-30,27892278,0.00737
Ridgeline Partners,Ridgeline VI,Lattice Dev,Developer Tools,Series B Preferred,Series B,2023-06-15,1655803,12664951,7.6488,38363015,23.1688,2026-06-30,26692394,0.06203
Tessera Ventures,Tessera II,Lattice Dev,Developer Tools,Series B Preferred,Series B,2023-06-15,352519,2696357,7.6488,7402854,20.9999,2026-06-30,26692394,0.01321
Ridgeline Partners,Ridgeline VI,Lattice Dev,Developer Tools,Series C Preferred,Series C,2025-07-15,283203,6079780,21.4679,6561482,23.1688,2026-06-30,26692394,0.01061
Tessera Ventures,Tessera II,Lattice Dev,Developer Tools,Series C Preferred,Series C,2025-07-15,311767,6692990,21.4679,6547067,20.9999,2026-06-30,26692394,0.01168
Cobalt Street,Cobalt Street IV,Lattice Labs,Developer Tools,Series A Preferred,Series A,2020-07-15,1960238,5385607,2.7474,0,0.0,2026-06-30,25168247,0.07789
Northgate Capital,Northgate Seed IV,Lattice Labs,Developer Tools,Series A Preferred,Series A,2020-07-15,238540,655371,2.7474,0,0.0,2026-06-30,25168247,0.00948
Northgate Capital,Northgate Seed IV,Lattice Labs,Developer Tools,Series B Preferred,Series B,2022-07-15,176666,974959,5.5187,0,0.0,2026-06-30,25168247,0.00702
Meridian Growth,Meridian Growth II,Lattice Labs,Developer Tools,Series C Preferred,Series C,2023-09-15,983893,3168639,3.2205,0,0.0,2026-06-30,25168247,0.03909
Tessera Ventures,Tessera II,Lattice Labs,Developer Tools,Series C Preferred,Series C,2023-09-15,208406,671174,3.2205,0,0.0,2026-06-30,25168247,0.00828
Cobalt Street,Cobalt Street IV,Lattice Labs,Developer Tools,Series C Preferred,Series C,2023-09-15,318733,1026483,3.2205,0,0.0,2026-06-30,25168247,0.01266
Juniper Hill,Juniper Hill I,Loom Compute,AI Infrastructure,Seed Preferred,Seed,2020-06-15,1055660,1488471,1.41,12026022,11.3919,2026-03-31,26069372,0.04049
Northgate Capital,Northgate Seed III,Loom Labs,AI Infrastructure,Series A Preferred,Series A,2019-06-15,1900865,6749478,3.5507,34587342,18.1956,2026-06-30,29345585,0.06478
Harbor Light Ventures,Harbor Light II,Loom Labs,AI Infrastructure,Series A Preferred,Series A,2019-06-15,418150,1484742,3.5507,7533705,18.0168,2026-06-30,29345585,0.01425
Ridgeline Partners,Ridgeline VI,Loom Labs,AI Infrastructure,Series B Preferred,Series B,2021-04-15,1451010,7685994,5.297,25869153,17.8284,2026-06-30,29345585,0.04945
Harbor Light Ventures,Harbor Light II,Loom Labs,AI Infrastructure,Series B Preferred,Series B,2021-04-15,273503,1448744,5.297,4927636,18.0168,2026-06-30,29345585,0.00932
Northgate Capital,Northgate Seed III,Loom Labs,AI Infrastructure,Series C Preferred,Series C,2022-04-15,145670,624288,4.2856,2650550,18.1956,2026-06-30,29345585,0.00496
Summit Arc Capital,Summit Arc III,Loom Labs,AI Infrastructure,Series D Preferred,Series D,2023-04-15,,33315942,,13003112,,2026-06-30,,0.02394
Northgate Capital,Northgate Seed III,Loom Labs,AI Infrastructure,Series D Preferred,Series D,2023-04-15,243742,11558007,47.419,4435027,18.1956,2026-06-30,29345585,0.00831
Cobalt Street,Cobalt Street IV,Marigold,Consumer,Series A Preferred,Series A,2018-06-15,1700152,2933263,1.7253,102160311,60.0889,2026-06-30,25926845,0.06557
Meridian Growth,Meridian Growth II,Marigold,Consumer,Series C Preferred,Series C,2021-04-15,996002,7024883,7.0531,26875697,26.9836,2026-06-30,25926845,0.03842
Cobalt Street,Cobalt Street IV,Marigold,Consumer,Series C Preferred,Series C,2021-04-15,190492,1343556,7.0531,11446460,60.0889,2026-06-30,25926845,0.00735
Meridian Growth,Meridian Growth II,Marigold,Consumer,Series D Preferred,Series D,2022-11-15,153287,8988331,58.6373,4136232,26.9836,2026-06-30,25926845,0.00591
Summit Arc Capital,Summit Arc III,Marigold & Co,Consumer,Series C Preferred,Series C,2023-03-15,,16179232,,21504282,,2026-06-30,,0.02533
Summit Arc Capital,Summit Arc III,Marigold & Co,Consumer,Series D Preferred,Series D,2024-11-15,,6643424,,6162734,,2026-06-30,,0.00726
Meridian Growth,Meridian Growth II,Mosaic HQ,Enterprise Software,Series B Preferred,Series B,2019-12-15,2011020,10112235,5.0284,25086440,12.4745,2026-06-30,26783756,0.07508
Meridian Growth,Meridian Growth II,Mosaic HQ,Enterprise Software,Series C Preferred,Series C,2021-01-15,306730,6401651,20.8706,3826299,12.4745,2026-06-30,26783756,0.01145
Harbor Light Ventures,Harbor Light II,Nimbus Data,Developer Tools,Series A Preferred,Series A,2020-04-15,1337098,4544065,3.3985,0,0.0,2026-06-30,24663972,0.05421
Cobalt Street,Cobalt Street IV,Nimbus Data,Developer Tools,Series B Preferred,Series B,2022-08-15,1293730,6961762,5.3812,0,0.0,2026-06-30,24663972,0.05245
Meridian Growth,Meridian Growth II,Nimbus Data,Developer Tools,Series B Preferred,Series B,2022-08-15,336018,1808165,5.3812,0,0.0,2026-06-30,24663972,0.01362
Tessera Ventures,Tessera II,Nimbus Data,Developer Tools,Series B Preferred,Series B,2022-08-15,335377,1804716,5.3812,0,0.0,2026-06-30,24663972,0.0136
Cobalt Street,Cobalt Street IV,Nimbus Data,Developer Tools,Series C Preferred,Series C,2024-11-15,293978,6556232,22.3018,0,0.0,2026-06-30,24663972,0.01192
Tessera Ventures,Tessera II,Nimbus Data,Developer Tools,Series C Preferred,Series C,2024-11-15,160102,3570559,22.3018,0,0.0,2026-06-30,24663972,0.00649
Juniper Hill,Juniper Hill I,Nimbus Labs,Developer Tools,Seed Preferred,Seed,2019-12-15,1871170,1277643,0.6828,1663483,0.889,2026-03-31,16907086,0.11067
Ridgeline Partners,Ridgeline VI,Nimbus Labs,Developer Tools,Series A Preferred,Series A,2021-10-15,1834101,3344771,1.8237,1591130,0.8675,2026-06-30,16907086,0.10848
Juniper Hill,Juniper Hill I,Nimbus Labs,Developer Tools,Series A Preferred,Series A,2021-10-15,127806,233074,1.8237,113620,0.889,2026-03-31,16907086,0.00756
Northgate Capital,Northgate Seed III,Orchid Care,Healthcare,Seed Preferred,Seed,2019-12-15,1602599,991059,0.6184,0,0.0,2026-06-30,13011672,0.12317
Tessera Ventures,Tessera II,Orchid Health,Healthcare,Series A Preferred,Series A,2025-01-15,2174876,4314732,1.9839,0,0.0,2026-06-30,17888180,0.12158
Northgate Capital,Northgate Seed III,Parcel & Co,Consumer,Series A Preferred,Series A,2019-01-15,1424737,3686631,2.5876,28433918,19.9573,2026-06-30,30694968,0.04642
Cobalt Street,Cobalt Street IV,Parcel & Co,Consumer,Series A Preferred,Series A,2019-01-15,317298,821036,2.5876,6292318,19.8309,2026-06-30,30694968,0.01034
Northgate Capital,Northgate Seed III,Parcel & Co,Consumer,Series B Preferred,Series B,2021-06-15,157302,575934,3.6613,3139325,19.9573,2026-06-30,30694968,0.00512
Cobalt Street,Cobalt Street IV,Parcel & Co,Consumer,Series B Preferred,Series B,2021-06-15,188034,688454,3.6613,3728891,19.8309,2026-06-30,30694968,0.00613
Northgate Capital,Northgate Seed III,Parcel & Co,Consumer,Series C Preferred,Series C,2022-06-15,294098,6219741,21.1485,5869405,19.9573,2026-06-30,30694968,0.00958
Cobalt Street,Cobalt Street IV,Parcel & Co,Consumer,Series C Preferred,Series C,2022-06-15,351989,7444051,21.1485,6980274,19.8309,2026-06-30,30694968,0.01147
Northgate Capital,Northgate Seed III,Pebble,Consumer,Seed Preferred,Seed,2019-06-15,932263,1011563,1.0851,36744325,39.4141,2026-06-30,28408689,0.03282
Juniper Hill,Juniper Hill I,Pebble,Consumer,Seed Preferred,Seed,2019-06-15,314886,341671,1.0851,12512552,39.7368,2026-03-31,28408689,0.01108
Northgate Capital,Northgate Seed III,Pebble,Consumer,Series A Preferred,Series A,2020-06-15,234265,847678,3.6185,9233349,39.4141,2026-06-30,28408689,0.00825
Juniper Hill,Juniper Hill I,Pebble,Consumer,Series A Preferred,Series A,2020-06-15,184413,667290,3.6185,7327977,39.7368,2026-03-31,28408689,0.00649
Tessera Ventures,Tessera II,Pebble,Consumer,Series B Preferred,Series B,2021-08-15,1103946,5688748,5.1531,43154958,39.0915,2026-06-30,28408689,0.03886
Juniper Hill,Juniper Hill I,Pebble,Consumer,Series B Preferred,Series B,2021-08-15,117544,605716,5.1531,4670819,39.7368,2026-03-31,28408689,0.00414
Summit Arc Capital,Summit Arc III,Pebble,Consumer,Series C Preferred,Series C,2023-07-15,,38662621,,48038356,,2026-06-30,,0.04398
Northgate Capital,Northgate Seed III,Pebble,Consumer,Series C Preferred,Series C,2023-07-15,276833,8565644,30.9416,10911129,39.4141,2026-06-30,28408689,0.00974
Tessera Ventures,Tessera II,Pebble,Consumer,Series C Preferred,Series C,2023-07-15,240294,7435071,30.9416,9393464,39.0915,2026-06-30,28408689,0.00846
Summit Arc Capital,Summit Arc III,Pebble,Consumer,Series D Preferred,Series D,2025-02-15,,7701639,,7657806,,2026-06-30,,0.00701
Northgate Capital,Northgate Seed III,Plinth Money,Fintech,Seed Preferred,Seed,2018-12-15,1015201,1095888,1.0795,69717339,68.6734,2026-06-30,30684360,0.03309
Harbor Light Ventures,Harbor Light II,Plinth Money,Fintech,Seed Preferred,Seed,2018-12-15,213036,229968,1.0795,12622331,59.2498,2026-06-30,30684360,0.00694
Northgate Capital,Northgate Seed III,Plinth Money,Fintech,Series A Preferred,Series A,2020-01-15,254321,471527,1.8541,17465096,68.6734,2026-06-30,30684360,0.00829
Northgate Capital,Northgate Seed III,Plinth Money,Fintech,Series B Preferred,Series B,2022-06-15,235445,1304017,5.5385,16168817,68.6734,2026-06-30,30684360,0.00767
Harbor Light Ventures,Harbor Light II,Plinth Money,Fintech,Series B Preferred,Series B,2022-06-15,208943,1157235,5.5385,12379821,59.2498,2026-06-30,30684360,0.00681
Tessera Ventures,Tessera II,Plinth Money,Fintech,Series C Preferred,Series C,2023-11-15,1294968,35115490,27.1169,89443516,69.0701,2026-06-30,30684360,0.0422
Northgate Capital,Northgate Seed III,Plinth Money,Fintech,Series C Preferred,Series C,2023-11-15,276406,7495268,27.1169,18981749,68.6734,2026-06-30,30684360,0.00901
Harbor Light Ventures,Harbor Light II,Plinth Money,Fintech,Series C Preferred,Series C,2023-11-15,258717,7015597,27.1169,15328919,59.2498,2026-06-30,30684360,0.00843
Northgate Capital,Northgate Seed III,Plinth Money,Fintech,Series D Preferred,Series D,2025-10-15,121499,8347179,68.7016,8343754,68.6734,2026-06-30,30684360,0.00396
Harbor Light Ventures,Harbor Light II,Plinth Money,Fintech,Series D Preferred,Series D,2025-10-15,117525,8074159,68.7016,6963327,59.2498,2026-06-30,30684360,0.00383
Tessera Ventures,Tessera II,Plinth Money,Fintech,Series D Preferred,Series D,2025-10-15,123117,8458338,68.7016,8503698,69.0701,2026-06-30,30684360,0.00401
Northgate Capital,Northgate Seed III,Pylon Labs,Developer Tools,Seed Preferred,Seed,2019-03-15,1738404,2036270,1.1713,8028284,4.6182,2026-06-30,21796732,0.07976
Northgate Capital,Northgate Seed III,Pylon Labs,Developer Tools,Series B Preferred,Series B,2022-09-15,254625,1201843,4.72,1175907,4.6182,2026-06-30,21796732,0.01168
Tessera Ventures,Tessera II,Quorum HQ,Enterprise Software,Series A Preferred,Series A,2021-03-15,1411603,4847132,3.4338,4982895,3.53,2026-06-30,16525064,0.08542
Tessera Ventures,Tessera II,Quorum Software,Enterprise Software,Series A Preferred,Series A,2023-12-15,1785489,6413808,3.5922,13857742,7.7613,2026-06-30,20675477,0.08636
Northgate Capital,Northgate Seed IV,Sable Pay,Fintech,Seed Preferred,Seed,2022-12-15,2122351,2141738,1.0091,8171950,3.8504,2026-06-30,22095664,0.09605
Juniper Hill,Juniper Hill I,Sable Pay,Fintech,Seed Preferred,Seed,2022-12-15,281440,284011,1.0091,1068516,3.7966,2026-03-31,22095664,0.01274
Tessera Ventures,Tessera II,Sable Pay,Fintech,Series A Preferred,Series A,2024-11-15,1928513,3236033,1.678,7195097,3.7309,2026-06-30,22095664,0.08728
Northgate Capital,Northgate Seed IV,Sable Pay,Fintech,Series A Preferred,Series A,2024-11-15,144741,242875,1.678,557314,3.8504,2026-06-30,22095664,0.00655
Northgate Capital,Northgate Seed IV,Sable Pay,Fintech,Series B Preferred,Series B,2026-02-15,155528,597147,3.8395,598849,3.8504,2026-06-30,22095664,0.00704
Juniper Hill,Juniper Hill I,Sable Pay,Fintech,Series B Preferred,Series B,2026-02-15,253087,971724,3.8395,960871,3.7966,2026-03-31,22095664,0.01145
Tessera Ventures,Tessera II,Sable Pay,Fintech,Series B Preferred,Series B,2026-02-15,338942,1301363,3.8395,1264560,3.7309,2026-06-30,22095664,0.01534
Cobalt Street,Cobalt Street IV,Saffron,Consumer,Series A Preferred,Series A,2019-04-15,1632573,2756263,1.6883,2075620,1.2714,2026-06-30,21370908,0.07639
Cobalt Street,Cobalt Street IV,Saffron,Consumer,Series B Preferred,Series B,2021-02-15,401806,1590984,3.9596,510848,1.2714,2026-06-30,21370908,0.0188
Cobalt Street,Cobalt Street IV,Saffron & Co,Consumer,Series B Preferred,Series B,2020-09-15,1164755,9250357,7.9419,7748454,6.6524,2026-06-30,24958646,0.04667
Ridgeline Partners,Ridgeline VI,Saffron & Co,Consumer,Series B Preferred,Series B,2020-09-15,643560,5111083,7.9419,4199146,6.5249,2026-06-30,24958646,0.02579
Tessera Ventures,Tessera II,Saffron & Co,Consumer,Series C Preferred,Series C,2022-07-15,1539053,25287953,16.4309,10398801,6.7566,2026-06-30,24958646,0.06166
Ridgeline Partners,Ridgeline VI,Saffron & Co,Consumer,Series C Preferred,Series C,2022-07-15,177914,2923279,16.4309,1160866,6.5249,2026-06-30,24958646,0.00713
Juniper Hill,Juniper Hill I,Solace Power,Climate,Seed Preferred,Seed,2021-09-15,1694525,2167551,1.2791,10783215,6.3636,2026-03-31,23610112,0.07177
Juniper Hill,Juniper Hill I,Solace Power,Climate,Series B Preferred,Series B,2024-06-15,174500,1107568,6.3471,1110442,6.3636,2026-03-31,23610112,0.00739
Juniper Hill,Juniper Hill I,Stackwise Labs,Developer Tools,Seed Preferred,Seed,2022-09-15,1490915,1582251,1.0613,2614657,1.7537,2026-03-31,22143658,0.06733
Northgate Capital,Northgate Seed IV,Stackwise Labs,Developer Tools,Series A Preferred,Series A,2024-12-15,1399724,3328821,2.3782,2409602,1.7215,2026-06-30,22143658,0.06321
Juniper Hill,Juniper Hill I,Stackwise Labs,Developer Tools,Series A Preferred,Series A,2024-12-15,149300,355065,2.3782,261831,1.7537,2026-03-31,22143658,0.00674
Northgate Capital,Northgate Seed IV,Stackwise Labs,Developer Tools,Series B Preferred,Series B,2026-01-15,213400,1111745,5.2097,367365,1.7215,2026-06-30,22143658,0.00964
Northgate Capital,Northgate Seed III,Tandem,Enterprise Software,Series A Preferred,Series A,2018-05-15,1614344,2307439,1.4293,2372404,1.4696,2026-06-30,16267806,0.09924
Juniper Hill,Juniper Hill I,Tandem HQ,Enterprise Software,Seed Preferred,Seed,2022-06-15,982521,1438711,1.4643,9644263,9.8158,2026-03-31,21915308,0.04483
Northgate Capital,Northgate Seed IV,Tandem HQ,Enterprise Software,Seed Preferred,Seed,2022-06-15,300783,440438,1.4643,3083529,10.2517,2026-06-30,21915308,0.01372
Ridgeline Partners,Ridgeline VI,Tandem HQ,Enterprise Software,Series A Preferred,Series A,2023-11-15,2022473,4750482,2.3488,21598181,10.6791,2026-06-30,21915308,0.09229
Northgate Capital,Northgate Seed IV,Tandem HQ,Enterprise Software,Series A Preferred,Series A,2023-11-15,344695,809636,2.3488,3533701,10.2517,2026-06-30,21915308,0.01573
Tessera Ventures,Tessera II,Tandem HQ,Enterprise Software,Series B Preferred,Series B,2025-07-15,1644871,16397433,9.9688,16449735,10.0006,2026-06-30,21915308,0.07506
Northgate Capital,Northgate Seed IV,Tandem HQ,Enterprise Software,Series B Preferred,Series B,2025-07-15,205444,2048036,9.9688,2106145,10.2517,2026-06-30,21915308,0.00937
Tessera Ventures,Tessera II,Tandem Software,Enterprise Software,Series A Preferred,Series A,2024-04-15,1746943,2007094,1.1489,2007993,1.1494,2026-06-30,15954457,0.1095
Ridgeline Partners,Ridgeline VI,Tensorline Compute,AI Infrastructure,Series A Preferred,Series A,2019-05-15,1676461,6180213,3.6865,55561700,33.1423,2026-06-30,28851271,0.05811
Cobalt Street,Cobalt Street IV,Tensorline Compute,AI Infrastructure,Series B Preferred,Series B,2020-07-15,1578433,8554689,5.4197,49655885,31.459,2026-06-30,28851271,0.05471
Ridgeline Partners,Ridgeline VI,Tensorline Compute,AI Infrastructure,Series B Preferred,Series B,2020-07-15,264672,1434452,5.4197,8771827,33.1423,2026-06-30,28851271,0.00917
Ridgeline Partners,Ridgeline VI,Tensorline Compute,AI Infrastructure,Series C Preferred,Series C,2021-12-15,114749,1413623,12.3193,3803041,33.1423,2026-06-30,28851271,0.00398
Ridgeline Partners,Ridgeline VI,Tensorline Compute,AI Infrastructure,Series D Preferred,Series D,2024-04-15,252325,7780638,30.8358,8362620,33.1423,2026-06-30,28851271,0.00875
Cobalt Street,Cobalt Street IV,Tensorline Compute,AI Infrastructure,Series D Preferred,Series D,2024-04-15,210705,6497253,30.8358,6628563,31.459,2026-06-30,28851271,0.0073
Northgate Capital,Northgate Seed III,Tern Power,Climate,Seed Preferred,Seed,2019-06-15,1080187,1539054,1.4248,1593363,1.4751,2026-06-30,17737544,0.0609
Northgate Capital,Northgate Seed III,Tern Power,Climate,Series A Preferred,Series A,2021-04-15,276573,904360,3.2699,407968,1.4751,2026-06-30,17737544,0.01559
Northgate Capital,Northgate Seed IV,Tern Systems,Climate,Series A Preferred,Series A,2021-04-15,2001754,4687185,2.3415,9549776,4.7707,2026-06-30,26197127,0.07641
Northgate Capital,Northgate Seed IV,Tern Systems,Climate,Series B Preferred,Series B,2023-06-15,179723,1344533,7.4811,857405,4.7707,2026-06-30,26197127,0.00686
Harbor Light Ventures,Harbor Light II,Terra Energy,Climate,Series A Preferred,Series A,2020-02-15,1629404,1386552,0.851,56890972,34.9152,2026-06-30,30429334,0.05355
Cobalt Street,Cobalt Street IV,Terra Energy,Climate,Series B Preferred,Series B,2021-03-15,1231918,5372134,4.3608,44418975,36.0568,2026-06-30,30429334,0.04048
Meridian Growth,Meridian Growth II,Terra Energy,Climate,Series B Preferred,Series B,2021-03-15,263903,1150825,4.3608,7641443,28.9555,2026-06-30,30429334,0.00867
Harbor Light Ventures,Harbor Light II,Terra Energy,Climate,Series C Preferred,Series C,2022-08-15,354886,7920270,22.3178,12390917,34.9152,2026-06-30,30429334,0.01166
Cobalt Street,Cobalt Street IV,Terra Energy,Climate,Series C Preferred,Series C,2022-08-15,259995,5802513,22.3178,9374578,36.0568,2026-06-30,30429334,0.00854
Harbor Light Ventures,Harbor Light II,Terra Energy,Climate,Series D Preferred,Series D,2024-07-15,301809,10584370,35.0698,10537723,34.9152,2026-06-30,30429334,0.00992
Cobalt Street,Cobalt Street IV,Terra Energy,Climate,Series D Preferred,Series D,2024-07-15,324511,11380524,35.0698,11700816,36.0568,2026-06-30,30429334,0.01066
Ridgeline Partners,Ridgeline V,Tidewell Care,Healthcare,Series A Preferred,Series A,2017-05-15,1740855,1406020,0.8077,36566883,21.0051,2026-06-30,27993982,0.06219
Meridian Growth,Meridian Growth II,Tidewell Care,Healthcare,Series B Preferred,Series B,2019-06-15,986284,4263860,4.3232,17856265,18.1046,2026-06-30,27993982,0.03523
Meridian Growth,Meridian Growth II,Tidewell Care,Healthcare,Series C Preferred,Series C,2021-04-15,275589,7511990,27.2579,4989425,18.1046,2026-06-30,27993982,0.00984
Ridgeline Partners,Ridgeline V,Tidewell Care,Healthcare,Series D Preferred,Series D,2023-05-15,232000,9899448,42.67,4873190,21.0051,2026-06-30,27993982,0.00829
Northgate Capital,Northgate Seed III,Tidewell Health,Healthcare,Seed Preferred,Seed,2018-12-15,1898889,1601398,0.8433,62385152,32.8535,2026-06-30,29716562,0.0639
Meridian Growth,Meridian Growth II,Tidewell Health,Healthcare,Series C Preferred,Series C,2023-07-15,1250996,17055409,13.6335,35763019,28.5876,2026-06-30,29716562,0.0421
Northgate Capital,Northgate Seed III,Tidewell Health,Healthcare,Series C Preferred,Series C,2023-07-15,159844,2179227,13.6335,5251435,32.8535,2026-06-30,29716562,0.00538
Northgate Capital,Northgate Seed III,Tidewell Health,Healthcare,Series D Preferred,Series D,2024-11-15,180910,6060158,33.4982,5943527,32.8535,2026-06-30,29716562,0.00609
Northgate Capital,Northgate Seed IV,Waypoint,Enterprise Software,Seed Preferred,Seed,2022-09-15,1761499,2668415,1.5149,2631182,1.4937,2026-06-30,13255156,0.13289
Cobalt Street,Cobalt Street IV,Waypoint HQ,Enterprise Software,Series A Preferred,Series A,2020-12-15,1958056,4249376,2.1702,0,0.0,2026-06-30,28941710,0.06766
Cobalt Street,Cobalt Street IV,Waypoint HQ,Enterprise Software,Series B Preferred,Series B,2022-11-15,174859,271504,1.5527,0,0.0,2026-06-30,28941710,0.00604
Tessera Ventures,Tessera II,Waypoint HQ,Enterprise Software,Series C Preferred,Series C,2024-11-15,1264714,26901592,21.2709,0,0.0,2026-06-30,28941710,0.0437
Cobalt Street,Cobalt Street IV,Waypoint HQ,Enterprise Software,Series D Preferred,Series D,2026-04-15,252281,15707402,62.2615,0,0.0,2026-06-30,28941710,0.00872
Tessera Ventures,Tessera II,Waypoint HQ,Enterprise Software,Series D Preferred,Series D,2026-04-15,145372,9051084,62.2615,0,0.0,2026-06-30,28941710,0.00502
Ridgeline Partners,Ridgeline VI,Windward Power,Climate,Series A Preferred,Series A,2022-11-15,1458851,3793404,2.6003,12168563,8.3412,2026-06-30,20160904,0.07236
Cobalt Street,Cobalt Street IV,Windward Power,Climate,Series A Preferred,Series A,2022-11-15,279030,725553,2.6003,2410952,8.6405,2026-06-30,20160904,0.01384
Ridgeline Partners,Ridgeline VI,Windward Power,Climate,Series B Preferred,Series B,2024-08-15,141265,1219458,8.6324,1178319,8.3412,2026-06-30,20160904,0.00701
