name,title,joined,focus,prior,education,boards
Rachel Moreno,Founding General Partner,2013,Enterprise Software; Developer Tools,Founder and CEO of a data-infrastructure startup acquired in 2012; product lead at a large software company,"BS Computer Science, Carnegie Mellon",Chairs the investment committee
Daniel Asante,Founding General Partner,2013,Fintech; Consumer,Partner at a multi-stage venture firm (2006-2013); investment banker covering payments,"BA Economics, Duke; MBA, Harvard",
Mei Tanaka,General Partner,2016,Healthcare,Physician and co-founder of a digital-health company; clinical fellow at a teaching hospital,"MD, Johns Hopkins; BS Biology, UC Berkeley",
Oliver Grant,Partner,2019,Climate,Head of strategy at a utility-scale solar developer (2012-2019),"MS Energy Systems, Stanford",
Sofia Reyes,Principal,2020,Developer Tools; Enterprise Software,,"BS Electrical Engineering, MIT",
Ben Whitfield,Principal,,,,,
Anika Shah,Senior Associate,,,,,
Luke Porter,Associate,,,,,
Zara Idris,Associate,,,,,
Noah Kim,Analyst,,,,,
Paula Jensen,Chief Financial Officer,,,,,
Isaac Muller,Fund Controller,,,,,
Hana Novak,Head of Platform,,,,,
Grace Obi,Head of Talent,,,,,
Victor Lang,Operations Manager,,,,,
